City_ID,City,Country,Date,Lat,Lng,Max Temp,Humidity,Cloudiness,Wind Speed
0,Punta Arenas,CL,2022-06-28 00:02:34,-53.15,-70.9167,37.11,69,100,12.75
1,Salta,AR,2022-06-28 00:02:52,-24.7859,-65.4117,48.58,83,44,3.0
2,Qaanaaq,GL,2022-06-28 00:02:52,77.484,-69.3632,47.59,57,13,4.27
3,Ushuaia,AR,2022-06-28 00:02:53,-54.8,-68.3,42.46,56,40,11.5
4,Bambous Virieux,MU,2022-06-28 00:02:53,-20.3428,57.7575,66.22,66,77,18.43
5,Vanimo,PG,2022-06-28 00:02:53,-2.6741,141.3028,83.03,68,84,5.55
6,Puerto Ayora,EC,2022-06-28 00:02:54,-0.7393,-90.3518,67.55,97,68,5.01
7,Kamina,CD,2022-06-28 00:02:54,-8.7386,24.9906,56.79,56,8,5.28
8,Bluff,NZ,2022-06-28 00:01:13,-46.6,168.3333,38.8,68,7,4.03
9,Butaritari,KI,2022-06-28 00:02:55,3.0707,172.7902,81.63,80,67,11.97
10,Goure,NE,2022-06-28 00:02:55,13.9835,10.2704,85.86,41,100,8.97
11,Raudeberg,NO,2022-06-28 00:02:55,61.9875,5.1352,56.07,91,100,8.25
12,Rocha,UY,2022-06-27 23:58:26,-34.4833,-54.3333,49.32,91,100,3.09
13,Koumac,NC,2022-06-28 00:02:56,-20.5667,164.2833,77.94,67,98,4.41
14,Norman Wells,CA,2022-06-28 00:02:56,65.282,-126.8329,81.57,26,37,1.59
15,Seoul,KR,2022-06-28 00:02:49,37.5683,126.9778,83.59,78,100,15.79
16,Barrow,US,2022-06-28 00:02:57,71.2906,-156.7887,51.82,76,100,5.75
17,Vaini,TO,2022-06-28 00:02:57,-21.2,-175.2,75.27,72,8,14.45
18,Chau Doc,VN,2022-06-28 00:01:32,10.7,105.1167,80.87,84,28,5.57
19,Saint-Philippe,RE,2022-06-28 00:02:57,-21.3585,55.7679,63.99,75,77,14.97
20,Mataura,NZ,2022-06-28 00:02:58,-46.1927,168.8643,38.48,84,14,2.35
21,Hobart,AU,2022-06-28 00:00:07,-42.8794,147.3294,54.23,74,75,8.05
22,Hermanus,ZA,2022-06-28 00:02:58,-34.4187,19.2345,52.81,60,0,7.45
23,Alta Floresta,BR,2022-06-28 00:02:58,-9.8756,-56.0861,71.98,39,5,2.28
24,Tamandare,BR,2022-06-28 00:02:59,-8.7597,-35.1047,74.98,80,69,13.13
25,Dikson,RU,2022-06-28 00:02:59,73.5069,80.5464,31.23,86,98,20.11
26,Mount Isa,AU,2022-06-28 00:02:59,-20.7333,139.5,64.17,36,90,16.11
27,Torbay,CA,2022-06-28 00:00:07,47.6666,-52.7314,68.77,88,100,18.41
28,Narsaq,GL,2022-06-28 00:03:00,60.9167,-46.05,50.22,69,32,2.21
29,Asau,RO,2022-06-28 00:03:00,46.4333,26.4,67.12,100,100,4.72
30,Takoradi,GH,2022-06-28 00:03:01,4.8845,-1.7554,76.03,90,75,5.41
31,Chuy,UY,2022-06-28 00:03:02,-33.6971,-53.4616,51.58,90,100,4.56
32,Nador,MA,2022-06-28 00:03:03,35.174,-2.9287,73.65,35,0,6.91
33,Bethel,US,2022-06-28 00:02:08,41.3712,-73.414,74.03,91,75,3.44
34,Mar Del Plata,AR,2022-06-28 00:03:03,-38.0023,-57.5575,49.08,79,0,6.91
35,Esperance,AU,2022-06-28 00:03:06,-33.8667,121.9,58.42,65,80,15.5
36,Ponta Delgada,PT,2022-06-28 00:03:06,37.7333,-25.6667,67.5,77,75,9.22
37,Lebu,CL,2022-06-28 00:03:07,-37.6167,-73.65,52.61,92,97,10.18
38,Ulladulla,AU,2022-06-28 00:03:08,-35.35,150.4667,52.86,54,78,7.54
39,Tuktoyaktuk,CA,2022-06-28 00:03:08,69.4541,-133.0374,55.47,58,79,8.32
40,Victoria,HK,2022-06-28 00:00:00,22.2855,114.1577,87.96,78,38,4.0
41,Kiama,AU,2022-06-28 00:03:10,-34.6833,150.8667,57.99,63,87,5.01
42,Ixtapa,MX,2022-06-28 00:03:11,20.7,-105.2,84.22,79,75,11.5
43,Tomatlan,MX,2022-06-28 00:03:11,19.9333,-105.25,85.06,65,31,9.73
44,Dali,CN,2022-06-28 00:03:12,25.7,100.1833,63.75,92,100,3.83
45,Concordia,AR,2022-06-28 00:00:02,-31.393,-58.0209,53.78,98,100,4.0
46,Atuona,PF,2022-06-28 00:03:13,-9.8,-139.0333,77.63,79,13,18.34
47,Pevek,RU,2022-06-28 00:03:13,69.7008,170.3133,37.87,75,54,6.53
48,Kavaratti,IN,2022-06-28 00:03:14,10.5669,72.642,82.09,76,99,20.4
49,Rikitea,PF,2022-06-28 00:03:14,-23.1203,-134.9692,73.56,72,8,7.63
50,New Norfolk,AU,2022-06-28 00:03:15,-42.7826,147.0587,53.89,80,100,3.0
51,Yadrin,RU,2022-06-28 00:03:15,55.9405,46.2062,49.75,94,4,7.83
52,Severo-Kurilsk,RU,2022-06-28 00:03:16,50.6789,156.125,46.8,97,100,13.13
53,Otane,NZ,2022-06-28 00:03:17,-39.8833,176.6333,49.01,58,100,2.42
54,Ilheus,BR,2022-06-28 00:03:17,-14.7889,-39.0494,69.12,69,28,10.56
55,Algeciras,ES,2022-06-28 00:03:17,36.1333,-5.4505,69.48,52,0,12.66
56,Cherskiy,RU,2022-06-28 00:03:18,68.75,161.3,53.08,39,100,12.41
57,Rosarito,MX,2022-06-28 00:03:18,32.3333,-117.0333,92.66,61,35,7.34
58,Olds,CA,2022-06-28 00:02:57,51.7834,-114.102,73.24,60,55,6.26
59,Hithadhoo,MV,2022-06-28 00:03:19,-0.6,73.0833,82.99,72,100,9.62
60,Meulaboh,ID,2022-06-28 00:03:19,4.1363,96.1285,75.36,90,100,3.02
61,Bredasdorp,ZA,2022-06-28 00:03:20,-34.5322,20.0403,54.43,62,2,4.36
62,Langsa,ID,2022-06-28 00:03:20,4.4683,97.9683,74.62,92,95,2.89
63,Port Alfred,ZA,2022-06-28 00:03:20,-33.5906,26.891,59.05,60,0,8.48
64,Albany,US,2022-06-28 00:01:19,42.6001,-73.9662,72.25,57,50,8.46
65,Arraial Do Cabo,BR,2022-06-28 00:03:21,-22.9661,-42.0278,58.86,88,0,3.44
66,Bereda,ES,2022-06-28 00:03:21,43.2686,-7.5406,45.14,100,12,1.52
67,Nagato,JP,2022-06-28 00:03:21,34.3833,131.2,81.41,74,98,12.1
68,Vila,PT,2022-06-28 00:03:22,42.0304,-8.1588,48.7,82,2,3.74
69,Georgetown,MY,2022-06-28 00:03:22,5.4112,100.3354,80.89,82,20,5.75
70,Busselton,AU,2022-06-28 00:03:22,-33.65,115.3333,51.44,78,70,6.98
71,Jamui,IN,2022-06-28 00:03:23,24.9167,86.2167,88.12,60,99,9.91
72,Seddon,AU,2022-06-28 00:03:23,-37.8068,144.8916,50.22,83,0,10.36
73,Portland,US,2022-06-28 00:01:06,45.5234,-122.6762,95.29,28,0,10.0
74,Qaqortoq,GL,2022-06-28 00:03:24,60.7167,-46.0333,44.31,75,38,5.23
75,Hamilton,US,2022-06-28 00:03:24,39.1834,-84.5333,78.24,46,0,10.36
76,Luderitz,NA,2022-06-28 00:03:25,-26.6481,15.1594,71.2,36,0,23.62
77,Saint George,US,2022-06-27 23:59:45,37.1041,-113.5841,104.63,12,20,1.99
78,Saint-Joseph,RE,2022-06-28 00:03:25,-21.3667,55.6167,62.98,75,78,11.88
79,Yatou,CN,2022-06-28 00:03:25,37.15,122.3833,73.0,98,100,12.37
80,Goya,AR,2022-06-28 00:03:26,-29.14,-59.2626,59.34,93,100,1.81
81,Neryungri,RU,2022-06-28 00:03:26,56.6709,124.6491,66.85,71,99,1.66
82,Sinnamary,GF,2022-06-28 00:03:26,5.3833,-52.95,77.34,88,99,4.5
83,Leningradskiy,RU,2022-06-28 00:03:27,69.3833,178.4167,44.78,62,22,8.93
84,Sulangan,PH,2022-06-28 00:03:27,11.1373,123.7228,80.31,82,100,9.24
85,Tasiilaq,GL,2022-06-28 00:03:27,65.6145,-37.6368,42.96,70,71,3.83
86,Iskateley,RU,2022-06-28 00:03:28,67.6803,53.1512,38.01,82,100,16.89
87,Yashkul,RU,2022-06-28 00:03:28,46.1711,45.3435,72.37,33,100,9.28
88,Vidim,RU,2022-06-28 00:03:29,56.4088,103.1106,68.97,77,92,4.18
89,Castelo Branco,PT,2022-06-28 00:03:30,39.8222,-7.4909,56.39,65,0,4.09
90,Kapaa,US,2022-06-28 00:03:30,22.0752,-159.319,84.52,69,20,16.11
91,Khatanga,RU,2022-06-28 00:03:33,71.9667,102.5,50.47,44,6,5.84
92,Buncrana,IE,2022-06-28 00:03:33,55.1333,-7.45,53.11,95,100,16.49
93,Chokurdakh,RU,2022-06-28 00:03:34,70.6333,147.9167,53.17,36,100,4.94
94,Cape Town,ZA,2022-06-28 00:03:34,-33.9258,18.4232,59.11,53,0,5.7
95,Anadyr,RU,2022-06-28 00:03:34,64.75,177.4833,55.9,76,40,15.66
96,Klaksvik,FO,2022-06-28 00:03:35,62.2266,-6.589,50.92,91,79,14.25
97,Carstairs,CA,2022-06-28 00:03:35,51.5668,-114.102,74.5,44,56,4.0
98,Saint-Augustin,CA,2022-06-28 00:03:35,51.226,-58.6502,55.36,96,70,13.18
99,Alofi,NU,2022-06-28 00:03:36,-19.0595,-169.9187,78.94,81,10,13.31
100,Viedma,AR,2022-06-28 00:03:36,-40.8135,-62.9967,48.27,45,76,7.92
101,Huarmey,PE,2022-06-28 00:03:37,-10.0681,-78.1522,64.35,83,73,11.21
102,Touros,BR,2022-06-28 00:00:59,-5.1989,-35.4608,75.15,90,32,15.52
103,Atmakur,IN,2022-06-28 00:03:37,15.8833,78.5833,75.97,81,100,5.93
104,Ingleside,US,2022-06-28 00:03:37,27.8778,-97.2117,94.21,64,0,13.8
105,Lac Du Bonnet,CA,2022-06-28 00:03:38,50.2536,-96.0612,63.7,89,68,9.8
106,Brookings,US,2022-06-28 00:03:38,44.3114,-96.7984,81.1,37,40,8.05
107,Ilulissat,GL,2022-06-28 00:03:38,69.2167,-51.1,44.62,81,75,2.3
108,Egvekinot,RU,2022-06-28 00:03:38,66.3167,-179.1667,36.9,99,100,4.92
109,Sola,VU,2022-06-28 00:03:39,-13.8833,167.55,80.8,79,30,19.44
110,Carnarvon,AU,2022-06-28 00:03:39,-24.8667,113.6333,63.43,47,0,14.45
111,Passos,BR,2022-06-28 00:03:39,-20.7189,-46.6097,60.37,73,5,4.07
112,Avarua,CK,2022-06-28 00:03:40,-21.2078,-159.775,80.65,78,75,21.85
113,Mao,ES,2022-06-28 00:03:40,39.8885,4.2658,72.16,78,0,14.97
114,Solnechnyy,RU,2022-06-28 00:03:40,50.7214,136.6319,69.4,70,81,4.74
115,Meadow Lake,US,2022-06-28 00:03:41,34.8014,-106.5436,70.7,63,100,3.24
116,Tignere,CM,2022-06-28 00:03:41,7.3667,12.65,62.6,95,45,2.04
117,Vao,NC,2022-06-28 00:03:41,-22.6667,167.4833,73.51,74,100,6.11
118,Nioro,GM,2022-06-28 00:03:42,13.35,-15.75,81.25,76,96,11.45
119,Mandalgovi,MN,2022-06-28 00:03:42,45.7625,106.2708,65.79,47,86,7.09
120,Mahebourg,MU,2022-06-28 00:03:42,-20.4081,57.7,66.25,68,93,17.38
121,Eravur,LK,2022-06-28 00:03:43,7.7733,81.6095,79.34,68,88,7.58
122,Hirara,JP,2022-06-28 00:03:43,24.8,125.2833,83.48,80,93,19.69
123,Rio Gallegos,AR,2022-06-28 00:03:44,-51.6226,-69.2181,39.58,89,52,13.42
124,Poum,NC,2022-06-28 00:03:44,-20.2333,164.0167,75.78,72,99,5.26
125,Avera,US,2022-06-28 00:03:44,33.194,-82.5271,85.51,69,95,9.01
126,Morehead,US,2022-06-28 00:03:45,37.2711,-87.1764,78.94,46,0,6.91
127,Jamestown,US,2022-06-28 00:02:50,42.097,-79.2353,65.79,60,100,8.05
128,Mirnyy,RU,2022-06-28 00:03:45,62.5353,113.9611,58.21,69,98,8.81
129,Upernavik,GL,2022-06-28 00:03:45,72.7868,-56.1549,37.94,86,4,7.11
130,Airai,TL,2022-06-28 00:03:46,-8.9266,125.4092,62.24,79,96,5.06
131,Birjand,IR,2022-06-28 00:03:46,32.8663,59.2211,77.77,18,0,12.26
132,El Dorado,US,2022-06-28 00:03:46,38.7666,-120.5177,94.57,16,2,1.99
133,Shache,CN,2022-06-28 00:03:48,38.4167,77.2406,82.24,23,90,5.12
134,Saint-Francois,FR,2022-06-28 00:01:00,46.4154,3.9054,54.84,94,70,0.0
135,Ribeira Grande,PT,2022-06-28 00:03:48,38.5167,-28.7,66.25,80,37,9.66
136,Pisco,PE,2022-06-28 00:03:48,-13.7,-76.2167,64.02,77,35,16.11
137,Salamanca,ES,2022-06-27 23:58:51,40.8333,-6.0,59.76,62,1,8.81
138,Ostrovnoy,RU,2022-06-28 00:03:49,68.0531,39.5131,40.05,86,72,4.16
139,Guerrero Negro,MX,2022-06-28 00:03:50,27.9769,-114.0611,80.38,57,23,17.52
140,Sirjan,IR,2022-06-28 00:03:50,29.452,55.6814,79.16,26,11,5.64
141,Yar-Sale,RU,2022-06-28 00:03:51,66.8333,70.8333,52.56,50,100,28.32
142,Lavrentiya,RU,2022-06-28 00:03:51,65.5833,-171.0,44.8,92,98,14.36
143,Nome,US,2022-06-28 00:02:31,64.5011,-165.4064,49.15,97,100,8.43
144,Ewa Beach,US,2022-06-28 00:03:52,21.3156,-158.0072,84.15,54,75,18.41
145,Puerto Penasco,MX,2022-06-28 00:03:52,31.3167,-113.5333,86.92,74,0,8.99
146,Xining,CN,2022-06-28 00:03:52,36.6167,101.7667,58.42,60,71,3.4
147,Cedral,MX,2022-06-28 00:03:53,23.8,-100.7333,78.04,37,64,23.35
148,Lorengau,PG,2022-06-28 00:03:53,-2.0226,147.2712,84.7,69,91,9.42
149,Pimenteiras,BR,2022-06-28 00:03:53,-6.2453,-41.4192,74.3,53,8,6.08
150,Kaitangata,NZ,2022-06-28 00:03:54,-46.2817,169.8464,43.93,81,9,1.66
151,Ambilobe,MG,2022-06-28 00:03:54,-13.2,49.05,61.68,75,14,5.7
152,Thompson,CA,2022-06-28 00:03:54,55.7435,-97.8558,53.76,76,75,9.22
153,Ponta Do Sol,PT,2022-06-28 00:03:55,32.6667,-17.1,67.01,64,35,7.67
154,Yalta,UA,2022-06-28 00:03:55,44.5,34.1667,67.64,86,58,7.56
155,Palencia,ES,2022-06-28 00:03:55,42.4167,-4.5,51.8,88,5,8.55
156,Chernyshevskiy,RU,2022-06-28 00:03:56,63.0128,112.4714,52.09,70,100,10.29
157,Imst,AT,2022-06-28 00:03:56,47.2684,10.6698,43.48,99,94,4.18
158,Mehamn,NO,2022-06-28 00:03:56,71.0357,27.8492,58.95,58,8,14.97
159,Dunmore Town,BS,2022-06-28 00:03:57,25.5,-76.65,79.34,77,100,13.56
160,Flinders,AU,2022-06-28 00:03:57,-34.5833,150.8552,56.37,65,86,7.0
161,San Cristobal,VE,2022-06-28 00:03:57,7.7669,-72.225,66.49,93,39,1.63
162,Iqaluit,CA,2022-06-28 00:03:58,63.7506,-68.5145,44.33,65,75,18.41
163,Kodiak,US,2022-06-28 00:03:58,57.79,-152.4072,63.91,63,0,11.5
164,Nelson Bay,AU,2022-06-28 00:03:58,-32.7167,152.15,53.01,94,73,7.56
165,Sioux Lookout,CA,2022-06-28 00:03:59,50.1001,-91.917,74.53,39,77,11.5
166,Amahai,ID,2022-06-28 00:03:59,-3.3333,128.9167,78.39,83,68,2.04
167,Gat,IL,2022-06-28 00:03:59,31.61,34.7642,73.4,73,0,2.42
168,Palana,RU,2022-06-28 00:04:00,59.1167,159.9667,48.43,84,56,7.81
169,Vila Velha,BR,2022-06-28 00:04:00,-20.3297,-40.2925,69.75,74,75,4.61
170,Port Macquarie,AU,2022-06-28 00:04:00,-31.4333,152.9167,59.9,74,98,12.44
171,Hilo,US,2022-06-28 00:04:01,19.7297,-155.09,82.27,64,20,9.22
172,Kenai,US,2022-06-28 00:04:01,60.5544,-151.2583,60.89,80,0,11.5
173,Ciechanow,PL,2022-06-27 23:59:33,52.8814,20.62,68.41,77,23,8.61
174,Porterville,US,2022-06-28 00:02:34,36.0652,-119.0168,107.53,13,0,6.33
175,Geraldton,AU,2022-06-28 00:04:04,-28.7667,114.6,57.61,88,75,6.91
176,Algiers,DZ,2022-06-28 00:02:58,36.7525,3.042,67.82,83,40,4.61
177,Constitucion,CL,2022-06-28 00:03:28,-35.3333,-72.4167,54.12,88,24,17.54
178,Yanliang,CN,2022-06-28 00:04:05,34.6592,109.2292,84.43,29,0,4.32
179,Erzin,TR,2022-06-28 00:04:06,36.9559,36.2,70.95,75,0,1.34
180,Sidi Ali,DZ,2022-06-28 00:04:07,36.0998,0.4206,68.14,55,0,3.85
181,Tuy Hoa,VN,2022-06-28 00:00:12,13.0833,109.3,81.28,81,87,7.38
182,Nizwa,OM,2022-06-28 00:04:07,22.9333,57.5333,83.25,68,87,1.41
183,Usvyaty,RU,2022-06-28 00:04:08,55.7456,30.7533,72.09,73,56,1.79
184,Yellowknife,CA,2022-06-27 23:59:45,62.456,-114.3525,64.92,42,20,13.8
185,Madimba,TZ,2022-06-28 00:04:08,-10.4,40.3333,68.99,86,2,10.74
186,Shimoda,JP,2022-06-28 00:04:09,34.6667,138.95,88.11,79,100,13.18
187,Celestun,MX,2022-06-28 00:04:10,20.8667,-90.4,82.6,73,57,11.88
188,Zhicheng,CN,2022-06-28 00:04:10,30.2956,111.5047,82.06,78,64,2.44
189,Pakokku,MM,2022-06-28 00:04:11,21.3333,95.1,81.28,70,98,11.18
190,Bengkulu,ID,2022-06-28 00:04:11,-3.8004,102.2655,76.06,85,99,3.4
191,Sitka,US,2022-06-28 00:00:32,57.0531,-135.33,69.06,65,4,7.27
192,Comarapa,BO,2022-06-28 00:04:12,-17.9,-64.4833,47.84,94,16,4.45
193,Nabire,ID,2022-06-28 00:04:13,-3.3667,135.4833,78.04,87,98,1.14
194,Changchun,CN,2022-06-28 00:00:31,43.88,125.3228,68.0,96,100,11.59
195,Hami,CN,2022-06-28 00:04:13,42.8,93.45,88.97,15,12,2.51
196,Olafsvik,IS,2022-06-28 00:04:14,64.8945,-23.7142,46.96,87,100,17.87
197,New Glasgow,CA,2022-06-27 23:59:45,45.5834,-62.6486,69.78,78,36,17.36
198,Grand Gaube,MU,2022-06-28 00:04:15,-20.0064,57.6608,66.38,75,66,3.0
199,Tongren,CN,2022-06-28 00:04:16,27.7172,109.1853,79.21,90,41,1.74
200,Tarumovka,RU,2022-06-28 00:04:16,44.0761,46.5361,69.96,80,100,6.85
201,Walvis Bay,NA,2022-06-27 23:59:37,-22.9575,14.5053,74.35,27,2,17.27
202,Asfi,MA,2022-06-28 00:01:53,32.2994,-9.2372,66.4,70,0,17.65
203,Parkersburg,US,2022-06-28 00:04:17,39.2667,-81.5615,75.81,43,0,3.44
204,Punta Alta,AR,2022-06-28 00:00:14,-38.8759,-62.0736,48.61,59,2,10.49
205,Tuatapere,NZ,2022-06-28 00:04:18,-46.1333,167.6833,43.5,72,1,3.31
206,Arona,ES,2022-06-28 00:00:09,28.0996,-16.681,64.13,80,40,20.71
207,Khor,RU,2022-06-28 00:04:18,47.8861,134.9464,69.67,77,100,6.04
208,Sibolga,ID,2022-06-28 00:04:19,1.7427,98.7792,76.17,90,100,2.93
209,Nikolskoye,RU,2022-06-28 00:04:19,59.7035,30.7861,67.89,73,89,3.98
210,Kununurra,AU,2022-06-28 00:00:33,-15.7667,128.7333,71.58,43,39,11.5
211,Chapais,CA,2022-06-28 00:04:20,49.7834,-74.8492,55.11,50,95,9.89
212,Kokopo,PG,2022-06-28 00:04:20,-4.352,152.2633,83.12,61,99,2.28
213,Severnyy,RU,2022-06-28 00:04:20,50.677,36.5532,69.84,68,0,2.24
214,Staraya Russa,RU,2022-06-28 00:04:21,57.9944,31.3608,65.57,64,27,2.98
215,Santa Eulalia,PE,2022-06-28 00:04:21,-11.85,-76.6833,53.35,53,55,1.61
216,Baruun-Urt,MN,2022-06-28 00:04:21,46.6806,113.2792,70.14,51,96,3.98
217,Coxim,BR,2022-06-28 00:04:22,-18.5067,-54.76,70.43,45,4,0.81
218,Nuuk,GL,2022-06-28 00:04:22,64.1835,-51.7216,50.61,57,75,14.97
219,Berezanskaya,RU,2022-06-28 00:04:22,45.7056,39.5932,66.38,71,100,9.86
220,Gimli,CA,2022-06-28 00:04:23,50.6336,-96.9907,61.45,89,97,10.16
221,Agua Dulce,MX,2022-06-28 00:04:23,18.1333,-94.1333,78.58,81,60,13.13
222,Grindavik,IS,2022-06-28 00:04:23,63.8424,-22.4338,48.67,87,75,11.5
223,Svarstad,NO,2022-06-28 00:04:25,59.399,9.9698,64.36,46,100,1.99
224,East London,ZA,2022-06-28 00:04:25,-33.0153,27.9116,57.56,49,0,7.09
225,Naze,JP,2022-06-28 00:03:51,28.3667,129.4833,79.27,85,99,11.25
226,Mandawar,IN,2022-06-28 00:04:26,29.5,78.1333,89.76,49,59,10.07
227,Bang Saphan,TH,2022-06-28 00:04:26,11.2126,99.5117,78.44,90,88,3.4
228,Puerto Narino,CO,2022-06-28 00:04:26,-3.7703,-70.3831,72.41,97,38,3.02
229,Saldanha,ZA,2022-06-28 00:04:27,-33.0117,17.9442,60.91,59,0,9.98
230,Lufkin,US,2022-06-28 00:04:27,31.3382,-94.7291,89.51,57,0,9.22
231,Amlame,TG,2022-06-28 00:04:27,7.4667,0.9,72.23,97,85,2.35
232,Beira,MZ,2022-06-28 00:04:28,-19.8436,34.8389,65.37,84,20,12.57
233,Kruisfontein,ZA,2022-06-28 00:04:28,-34.0033,24.7314,54.91,45,5,7.36
234,Saskylakh,RU,2022-06-28 00:04:28,71.9167,114.0833,43.79,60,40,9.33
235,Mackay,AU,2022-06-27 23:59:45,-21.15,149.2,68.68,61,27,15.99
236,Malanje,AO,2022-06-28 00:04:29,-9.5402,16.341,58.62,48,14,4.72
237,Murgab,TM,2022-06-28 00:04:29,37.4966,61.9714,88.56,15,0,10.16
238,Belaya Gora,RU,2022-06-28 00:04:29,68.5333,146.4167,42.87,73,100,7.61
239,Cabo San Lucas,MX,2022-06-28 00:01:48,22.8909,-109.9124,92.61,67,59,8.99
240,Bairnsdale,AU,2022-06-28 00:04:30,-37.8333,147.6167,46.06,88,99,3.04
241,West Wendover,US,2022-06-28 00:04:30,40.7391,-114.0733,96.01,9,0,8.05
242,Sao Filipe,CV,2022-06-28 00:04:30,14.8961,-24.4956,73.53,84,26,5.06
243,Huron,US,2022-06-28 00:04:31,41.1501,-82.5499,72.86,66,24,8.14
244,Luleburgaz,TR,2022-06-28 00:04:31,41.4039,27.3592,69.37,73,95,6.67
245,Lewistown,US,2022-06-28 00:04:31,40.5992,-77.5714,74.61,38,0,6.91
246,San Patricio,US,2022-06-28 00:04:32,28.017,-97.5169,94.06,49,52,9.53
247,Visaginas,LT,2022-06-28 00:04:32,55.6,26.4167,67.26,83,96,2.01
248,Dubti,ET,2022-06-28 00:04:32,11.7361,41.0853,91.18,35,56,5.57
249,Necochea,AR,2022-06-28 00:04:33,-38.5473,-58.7368,48.18,67,0,10.51
250,Lodja,CD,2022-06-28 00:04:33,-3.4833,23.4333,70.81,49,16,2.28
251,Ankang,CN,2022-06-28 00:04:33,32.68,109.0172,80.11,68,17,1.19
252,Arbagar,RU,2022-06-28 00:04:34,51.9438,116.2805,74.97,45,7,3.2
253,Kyra,RU,2022-06-28 00:04:34,49.5776,111.9753,70.86,55,0,3.58
254,Tiksi,RU,2022-06-28 00:04:35,71.6872,128.8694,34.99,76,100,5.82
255,Dukhovnitskoye,RU,2022-06-28 00:04:35,52.4828,48.2137,64.09,89,67,8.14
256,Westport,US,2022-06-28 00:04:35,41.1415,-73.3579,75.11,95,75,1.99
257,Cayenne,GF,2022-06-28 00:00:06,4.9333,-52.3333,77.09,1,99,3.44
258,Male,MV,2022-06-28 00:04:36,4.1748,73.5089,83.12,74,67,14.61
259,Madhoganj,IN,2022-06-28 00:04:36,27.1167,80.15,90.66,52,90,5.06
260,Nola,IT,2022-06-28 00:04:36,40.922,14.5329,84.63,53,11,3.6
261,Santa Ines,BR,2022-06-28 00:04:37,-3.6667,-45.38,75.6,72,71,0.96
262,Cuiluan,CN,2022-06-28 00:04:37,47.72,128.648,74.75,70,100,7.85
263,Pacific Grove,US,2022-06-28 00:03:05,36.6177,-121.9166,82.24,78,0,8.01
264,Mapiripan,CO,2022-06-28 00:04:37,2.8892,-72.1256,76.3,75,44,1.63
265,Vista Hermosa,MX,2022-06-28 00:04:38,19.5167,-99.2167,67.39,56,100,16.11
266,Caravelas,BR,2022-06-28 00:04:38,-17.7125,-39.2481,67.64,74,9,8.79
267,Faanui,PF,2022-06-28 00:04:38,-16.4833,-151.75,80.06,74,7,18.45
268,Aswan,EG,2022-06-28 00:04:39,24.0934,32.907,88.09,21,3,12.28
269,Coari,BR,2022-06-28 00:04:39,-4.085,-63.1414,74.52,93,70,3.51
270,Hambantota,LK,2022-06-28 00:04:40,6.1241,81.1185,78.93,81,86,17.47
271,Ukiah,US,2022-06-28 00:02:13,39.1502,-123.2078,99.45,19,0,9.22
272,Zambezi,ZM,2022-06-28 00:04:41,-13.5432,23.1047,55.81,63,20,9.98
273,Azad Shahr,IR,2022-06-28 00:04:41,34.7909,48.5707,61.18,26,0,1.3
274,Champerico,GT,2022-06-28 00:04:41,14.3,-91.9167,81.7,74,5,4.88
275,Bend,US,2022-06-28 00:04:42,44.0582,-121.3153,96.66,16,0,8.05
276,Jalcocotan,MX,2022-06-28 00:04:42,21.4667,-105.1167,88.41,80,39,6.26
277,Chililabombwe,ZM,2022-06-28 00:04:42,-12.3648,27.8229,51.31,88,6,10.25
278,Opelika,US,2022-06-28 00:01:41,32.6454,-85.3783,78.58,86,0,6.91
279,Provideniya,RU,2022-06-28 00:04:43,64.3833,-173.3,42.91,100,100,11.18
280,San Policarpo,PH,2022-06-28 00:04:43,12.1791,125.5072,78.64,90,100,4.85
281,Fomboni,KM,2022-06-28 00:04:43,-12.28,43.7425,78.53,66,1,21.16
282,Atambua,ID,2022-06-28 00:04:43,-9.1061,124.8925,76.46,66,98,7.23
283,Ballina,AU,2022-06-28 00:04:44,-28.8667,153.5667,58.01,71,89,13.18
284,Merauke,ID,2022-06-28 00:04:44,-8.4667,140.3333,79.59,84,100,10.92
285,Anori,BR,2022-06-28 00:01:27,-3.7728,-61.6442,76.68,83,91,2.84
286,Moura,PT,2022-06-28 00:04:44,38.1401,-7.4486,58.98,65,0,7.61
287,Verkhnyaya Inta,RU,2022-06-28 00:04:45,65.9811,60.3094,39.45,89,100,15.52
288,Lima,PE,2022-06-28 00:00:27,-12.0432,-77.0282,63.1,79,46,10.51
289,Mahibadhoo,MV,2022-06-28 00:04:45,3.7833,72.9667,81.82,76,79,11.07
290,Eureka,US,2022-06-28 00:00:06,40.8021,-124.1637,68.13,75,35,7.0
291,Moerai,PF,2022-06-28 00:04:46,-22.4333,-151.3333,73.42,75,100,26.28
292,Port Elizabeth,ZA,2022-06-28 00:00:16,-33.918,25.5701,57.02,49,2,6.29
293,Shumskiy,RU,2022-06-28 00:04:46,54.8318,99.1328,72.99,59,63,3.2
294,Akyab,MM,2022-06-28 00:04:46,20.15,92.9,80.42,85,97,5.79
295,Ipixuna,BR,2022-06-28 00:04:47,-1.7625,-48.8043,76.01,82,79,2.39
296,Kawalu,ID,2022-06-28 00:04:47,-7.3817,108.2082,71.6,94,99,1.36
297,Nantucket,US,2022-06-28 00:04:47,41.2835,-70.0995,71.71,88,100,10.36
298,Te Anau,NZ,2022-06-28 00:04:47,-45.4167,167.7167,40.73,81,40,0.43
299,Motygino,RU,2022-06-28 00:04:48,58.1831,94.7592,65.19,95,99,9.08
300,Takab,IR,2022-06-28 00:04:48,36.4009,47.1133,56.75,44,0,2.59
301,Urumqi,CN,2022-06-28 00:04:48,43.801,87.6005,81.55,28,20,8.95
302,Pinawa,CA,2022-06-28 00:04:49,50.1489,-95.8811,64.67,86,65,9.51
303,Benguela,AO,2022-06-28 00:04:49,-12.5763,13.4055,69.87,71,7,2.21
304,Umm Lajj,SA,2022-06-28 00:04:49,25.0213,37.2685,83.1,53,0,7.18
305,Nybro,SE,2022-06-28 00:04:50,56.7446,15.9071,69.04,86,61,4.36
306,Warrnambool,AU,2022-06-28 00:04:50,-38.3833,142.4833,44.82,73,100,11.81
307,Nenjiang,CN,2022-06-28 00:04:50,49.1833,125.2167,72.39,79,53,5.73
308,Poros,GR,2022-06-28 00:04:50,37.4994,23.4536,71.85,63,27,5.61
309,Kizukuri,JP,2022-06-28 00:04:51,40.8061,140.3861,73.81,99,100,4.52
310,Usogorsk,RU,2022-06-28 00:04:51,63.4106,48.6872,41.88,68,65,11.41
311,Glenwood Springs,US,2022-06-28 00:00:56,39.5505,-107.3248,85.12,41,0,5.75
312,Victor Harbor,AU,2022-06-28 00:04:51,-35.5667,138.6167,50.0,75,53,1.99
313,Parabel,RU,2022-06-28 00:04:52,58.6978,81.4825,53.06,89,53,10.98
314,Nouadhibou,MR,2022-06-28 00:04:52,20.931,-17.0347,69.06,79,2,24.45
315,Jieshi,CN,2022-06-28 00:04:52,22.8134,115.8257,82.54,80,70,3.62
316,Camabatela,AO,2022-06-28 00:04:53,-8.1881,15.375,58.96,44,7,1.61
317,Coos Bay,US,2022-06-28 00:04:27,43.3665,-124.2179,79.32,82,20,11.5
318,Toamasina,MG,2022-06-28 00:04:53,-18.1667,49.3833,69.01,79,93,18.88
319,Ust-Nera,RU,2022-06-28 00:04:53,64.5667,143.2,68.52,67,88,7.45
320,Talnakh,RU,2022-06-28 00:04:55,69.4865,88.3972,62.24,47,24,1.7
321,Buraydah,SA,2022-06-28 00:03:06,26.326,43.975,84.24,17,0,9.46
322,Luba,GQ,2022-06-28 00:04:55,3.4568,8.5547,77.99,88,100,7.61
323,Ormara,PK,2022-06-28 00:04:56,25.2088,64.6357,82.58,89,28,10.02
324,Haimen,CN,2022-06-28 00:04:56,23.1935,116.6142,82.08,83,92,2.42
325,Yeppoon,AU,2022-06-28 00:04:56,-23.1333,150.7333,60.58,65,44,14.63
326,Leshukonskoye,RU,2022-06-28 00:04:57,64.8989,45.7622,38.8,80,40,9.71
327,Lompoc,US,2022-06-28 00:04:57,34.6391,-120.4579,94.01,73,0,14.97
328,Nueva Gerona,CU,2022-06-28 00:04:57,21.8833,-82.8,82.96,69,93,2.77
329,Nanortalik,GL,2022-06-28 00:04:57,60.1432,-45.2371,42.78,83,38,6.73
330,Beaverlodge,CA,2022-06-28 00:04:58,55.2166,-119.4361,62.24,66,97,10.51
331,Presidencia Roque Saenz Pena,AR,2022-06-28 00:04:58,-26.7852,-60.4388,62.04,88,100,5.19
332,Marovoay,MG,2022-06-28 00:04:58,-16.1,46.6333,66.58,70,0,5.91
333,Oranjemund,NA,2022-06-28 00:04:59,-28.55,16.4333,69.4,39,0,18.32
334,Povenets,RU,2022-06-28 00:04:59,62.8487,34.8262,44.73,79,56,8.72
335,Buenaventura,CO,2022-06-28 00:04:59,3.8801,-77.0312,74.8,93,74,2.8
336,Byron Bay,AU,2022-06-28 00:05:00,-28.65,153.6167,57.94,74,89,14.34
337,Moyale,KE,2022-06-28 00:05:00,3.5167,39.0584,62.69,75,69,9.8
338,Praia Da Vitoria,PT,2022-06-28 00:01:07,38.7333,-27.0667,67.75,79,60,9.89
339,Hengshui,CN,2022-06-28 00:00:34,37.7322,115.7011,83.43,67,18,6.91
340,Isangel,VU,2022-06-28 00:05:01,-19.55,169.2667,80.17,66,3,7.34
341,Capinota,BO,2022-06-28 00:05:01,-17.7167,-66.2333,61.52,20,31,5.03
342,Korla,CN,2022-06-28 00:05:03,41.7597,86.1469,84.92,16,0,12.82
343,Catabola,AO,2022-06-28 00:05:04,-12.15,17.2833,49.37,62,10,4.23
344,Winnemucca,US,2022-06-28 00:02:06,40.973,-117.7357,100.45,8,0,10.36
345,Vila Franca Do Campo,PT,2022-06-28 00:05:05,37.7167,-25.4333,67.19,86,42,4.12
346,Oxapampa,PE,2022-06-28 00:05:05,-10.5775,-75.4017,58.6,94,48,2.42
347,Channel-Port Aux Basques,CA,2022-06-28 00:05:06,47.5702,-59.1367,57.18,96,66,14.09
348,Castro,BR,2022-06-28 00:01:51,-24.7911,-50.0119,50.97,96,82,4.74
349,Bilma,NE,2022-06-28 00:05:07,18.6853,12.9164,91.45,13,18,3.38
350,Caledon,ZA,2022-06-28 00:02:52,-34.23,19.4265,50.07,53,2,4.05
351,Aras,ES,2022-06-28 00:05:07,42.5617,-2.356,52.21,71,40,6.91
352,Vestmanna,FO,2022-06-28 00:05:08,62.1564,-7.1664,49.12,81,75,11.5
353,Rincon De La Victoria,ES,2022-06-28 00:05:08,36.7172,-4.2758,78.8,36,0,5.93
354,Laguna,US,2022-06-28 00:05:08,38.421,-121.4238,106.75,16,0,10.36
355,Ostersund,SE,2022-06-28 00:05:09,63.1792,14.6357,66.65,82,20,10.36
356,Devils Lake,US,2022-06-28 00:05:10,48.1128,-98.8651,80.71,39,0,11.5
357,Mabaruma,GY,2022-06-28 00:05:10,8.2,-59.7833,74.39,93,95,2.93
358,Sabha,LY,2022-06-28 00:02:56,27.0377,14.4283,90.93,15,23,15.23
359,Rovaniemi,FI,2022-06-28 00:01:48,66.5,25.7167,63.81,63,0,11.5
360,Rio Verde De Mato Grosso,BR,2022-06-28 00:05:10,-18.9181,-54.8442,69.98,46,6,2.55
361,Cabedelo,BR,2022-06-28 00:05:11,-6.9811,-34.8339,72.27,86,55,17.34
362,Longyearbyen,SJ,2022-06-28 00:01:14,78.2186,15.6401,43.95,83,78,2.1
363,Champoton,MX,2022-06-28 00:05:12,19.35,-90.7167,82.29,74,90,12.15
364,Xinqing,CN,2022-06-28 00:05:12,48.2333,129.5,73.42,64,100,6.91
365,Canberra,AU,2022-06-28 00:04:04,-35.2835,149.1281,45.45,78,20,6.91
366,Dutlwe,BW,2022-06-28 00:05:14,-23.9833,23.9,51.89,71,14,12.24
367,Lasa,IT,2022-06-28 00:05:14,46.6166,10.7002,64.36,85,68,2.39
368,Kumo,NG,2022-06-28 00:05:14,10.0447,11.2122,72.45,78,77,6.42
369,Shuyskoye,RU,2022-06-28 00:05:15,59.3736,41.0305,47.62,75,33,5.37
370,Salym,RU,2022-06-28 00:05:15,60.0625,71.4789,48.29,89,100,6.87
371,Mulege,MX,2022-06-28 00:05:16,26.8833,-111.9833,90.45,45,20,6.67
372,Terrell,US,2022-06-28 00:05:16,32.736,-96.2753,91.36,51,40,14.97
373,Mareeba,AU,2022-06-28 00:05:17,-17.0,145.4333,68.72,83,96,7.72
374,Arman,RU,2022-06-28 00:05:17,59.7,150.1667,54.36,79,34,6.69
375,Vila Do Maio,CV,2022-06-28 00:05:18,15.1333,-23.2167,73.58,84,37,13.89
376,Cidreira,BR,2022-06-28 00:05:18,-30.1811,-50.2056,60.76,89,100,9.33
377,Nueva Imperial,CL,2022-06-28 00:02:48,-38.7333,-72.95,47.88,92,100,1.1
378,Adre,TD,2022-06-28 00:05:19,13.4667,22.2,81.75,45,98,9.08
379,Inhambane,MZ,2022-06-28 00:05:19,-23.865,35.3833,67.73,68,85,14.81
380,Megion,RU,2022-06-28 00:05:20,61.0296,76.1136,50.02,94,100,15.43
381,Paramonga,PE,2022-06-28 00:05:20,-10.6667,-77.8333,63.34,85,62,10.58
382,Grand-Santi,GF,2022-06-28 00:05:20,4.25,-54.3833,73.58,98,99,1.9
383,Harper,LR,2022-06-28 00:05:21,4.375,-7.7169,77.38,84,100,10.25
384,Kamakwie,SL,2022-06-28 00:05:21,9.5,-12.2333,75.29,93,70,6.08
385,Coihaique,CL,2022-06-28 00:05:21,-45.5752,-72.0662,40.95,81,100,5.75
386,Ouadda,CF,2022-06-28 00:05:22,8.0777,22.4007,69.3,93,100,1.19
387,Sahuaripa,MX,2022-06-28 00:05:22,29.05,-109.2333,96.08,33,72,9.06
388,Hinesville,US,2022-06-28 00:05:22,31.8469,-81.5959,89.78,46,73,8.23
389,Camopi,GF,2022-06-28 00:05:23,3.1655,-52.3158,72.52,99,83,2.84
390,Mongo,TD,2022-06-28 00:05:23,12.1844,18.693,77.65,71,100,16.02
391,Aracati,BR,2022-06-28 00:05:23,-4.5617,-37.7697,80.29,75,67,11.72
392,Ternate,ID,2022-06-28 00:05:24,0.8,127.4,81.1,76,99,2.82
393,Lamlash,GB,2022-06-28 00:05:24,55.5336,-5.1296,55.49,94,100,19.39
394,Brownsville,US,2022-06-28 00:04:16,25.9018,-97.4975,88.09,72,0,13.8
395,Benton Harbor,US,2022-06-28 00:01:15,42.1167,-86.4542,68.85,48,0,1.01
396,Sandakan,MY,2022-06-28 00:05:25,5.8402,118.1179,78.39,87,100,5.1
397,Montague,US,2022-06-28 00:00:29,42.5356,-72.5351,74.17,60,62,9.24
398,Aksarka,RU,2022-06-28 00:05:25,66.5606,67.7975,44.56,81,100,27.51
399,Vanino,RU,2022-06-28 00:05:25,49.0869,140.2543,64.67,67,2,4.23
400,Shingu,JP,2022-06-28 00:05:26,33.7333,135.9833,84.18,64,28,6.93
401,Sur,OM,2022-06-28 00:05:26,22.5667,59.5289,87.17,67,91,9.42
402,Fairbanks,US,2022-06-28 00:05:23,64.8378,-147.7164,80.6,37,75,6.91
403,Vangaindrano,MG,2022-06-28 00:05:26,-23.35,47.6,63.54,70,86,10.65
404,Olinda,BR,2022-06-28 00:05:27,-8.0089,-34.8553,75.76,84,59,18.34
405,Los Llanos De Aridane,ES,2022-06-28 00:05:27,28.6585,-17.9182,65.95,83,100,17.27
406,Manzanillo,CU,2022-06-28 00:05:27,20.3433,-77.1167,78.62,80,100,3.76
407,Goderich,CA,2022-06-28 00:04:21,43.7501,-81.7165,60.91,79,76,11.21
408,Hokitika,NZ,2022-06-28 00:05:28,-42.7167,170.9667,47.5,81,100,6.4
409,Dabrowa Gornicza,PL,2022-06-28 00:02:34,50.3182,19.2374,74.25,83,31,3.44
410,Bilibino,RU,2022-06-28 00:05:28,68.0546,166.4372,55.71,26,96,5.21
411,Dolores,AR,2022-06-28 00:05:28,-36.3132,-57.6792,43.95,76,69,7.14
412,Kharan,PK,2022-06-28 00:05:30,28.5833,65.4167,91.04,21,6,4.47
413,Ifakara,TZ,2022-06-28 00:05:30,-8.1333,36.6833,66.67,70,81,2.57
414,Tezu,IN,2022-06-28 00:05:30,27.9167,96.1667,74.43,99,100,2.17
415,Antalaha,MG,2022-06-28 00:05:31,-14.9003,50.2788,67.39,81,60,8.86
416,Polunochnoye,RU,2022-06-28 00:05:31,60.8697,60.4153,38.39,83,95,6.2
417,Kysyl-Syr,RU,2022-06-28 00:05:31,63.8986,122.7617,55.13,63,100,6.02
418,Tergnier,FR,2022-06-28 00:05:32,49.6561,3.3011,52.09,83,40,1.63
419,Fortuna,US,2022-06-28 00:05:32,40.5982,-124.1573,67.86,78,0,12.66
420,Santiago Del Estero,AR,2022-06-28 00:05:32,-27.7951,-64.2615,54.45,85,100,7.36
421,Mayuge,UG,2022-06-28 00:05:33,0.4597,33.4803,64.87,87,96,4.05
422,Miri,MY,2022-06-28 00:05:33,4.4148,114.0089,78.24,87,62,4.43
423,Berlevag,NO,2022-06-28 00:05:33,70.8578,29.0864,59.0,58,6,3.44
424,Vetlanda,SE,2022-06-28 00:05:34,57.4289,15.0776,63.23,83,77,3.76
425,Snasa,NO,2022-06-28 00:05:34,64.2457,12.3778,71.76,62,98,5.39
426,Kralendijk,BQ,2022-06-28 00:05:34,12.15,-68.2667,80.58,83,40,9.22
427,Mimon,CZ,2022-06-28 00:05:35,50.6587,14.7247,68.86,98,92,5.3
428,Erdaojiang,CN,2022-06-28 00:05:35,41.7764,126.0319,70.93,98,100,3.65
429,Paamiut,GL,2022-06-28 00:05:35,61.994,-49.6678,41.79,81,67,2.71
430,Saint Anthony,US,2022-06-28 00:05:35,45.0205,-93.218,82.89,33,20,10.36
431,Derzhavinsk,KZ,2022-06-28 00:05:36,51.1,66.3167,53.02,73,3,7.09
432,Bathsheba,BB,2022-06-28 00:05:36,13.2167,-59.5167,83.01,78,40,20.71
433,Jiazi,CN,2022-06-28 00:05:36,22.8779,116.067,82.89,80,78,3.06
434,Kendari,ID,2022-06-28 00:05:37,-3.945,122.4989,76.75,89,95,1.81
435,Wattegama,LK,2022-06-28 00:05:37,6.7989,81.4808,74.8,77,99,3.22
436,Erenhot,CN,2022-06-28 00:05:37,43.6475,111.9767,63.63,81,99,15.03
437,Alyangula,AU,2022-06-28 00:05:38,-13.8483,136.4192,77.77,68,89,17.36
438,Kerema,PG,2022-06-28 00:05:38,-7.9631,145.7785,82.47,77,88,6.46
439,Weligama,LK,2022-06-28 00:05:38,5.9667,80.4167,78.04,87,89,11.45
440,Patur,IN,2022-06-28 00:05:39,20.45,76.9333,79.34,79,79,8.93
441,Brae,GB,2022-06-28 00:05:39,60.3964,-1.353,52.7,96,21,8.86
442,Springbok,ZA,2022-06-28 00:05:39,-29.6643,17.8865,57.72,31,0,19.53
443,Ilembula,TZ,2022-06-28 00:05:39,-8.9,34.5833,53.19,78,21,11.59
444,Mbandaka,CD,2022-06-28 00:05:40,0.0487,18.2603,69.6,96,100,2.04
445,Carauari,BR,2022-06-28 00:05:40,-4.8828,-66.8958,76.89,77,73,1.43
446,Pringsewu,ID,2022-06-28 00:05:40,-5.3582,104.9744,74.07,98,100,2.71
447,Makakilo City,US,2022-06-28 00:01:21,21.3469,-158.0858,82.69,59,68,17.63
448,Recreio,BR,2022-06-28 00:05:41,-21.525,-42.4692,58.44,80,58,2.64
449,Tatarani,RO,2022-06-28 00:05:41,45.0,25.2667,66.49,99,99,6.24
450,Huntsville,US,2022-06-28 00:05:39,34.7304,-86.5861,84.0,55,0,8.05
451,Shanhetun,CN,2022-06-28 00:05:41,44.7,127.2,66.4,96,100,11.25
452,Price,US,2022-06-28 00:05:42,39.5994,-110.8107,85.26,17,0,5.75
453,Sarangani,PH,2022-06-28 00:05:42,5.4033,125.4636,83.05,76,99,9.13
454,Nyandoma,RU,2022-06-28 00:05:42,61.669,40.1991,40.55,87,7,5.77
455,Aklavik,CA,2022-06-28 00:05:43,68.2191,-135.0107,73.62,43,97,5.35
456,Clyde River,CA,2022-06-28 00:02:22,70.4692,-68.5914,34.03,100,100,8.05
457,Ziyang,CN,2022-06-28 00:05:43,29.2497,117.8547,84.78,73,100,3.11
458,Acapulco,MX,2022-06-28 00:05:44,16.8634,-99.8901,84.02,74,40,4.61
459,Harrisburg,US,2022-06-28 00:05:45,40.2737,-76.8844,80.74,50,0,12.66
460,Yamethin,MM,2022-06-28 00:05:45,20.4333,96.15,77.34,82,100,8.19
461,Kolokani,ML,2022-06-28 00:05:45,13.5728,-8.0339,90.05,35,63,5.14
462,Muroto,JP,2022-06-28 00:05:45,33.2833,134.15,78.8,89,29,9.53
463,Krasnorechenskiy,RU,2022-06-28 00:05:46,44.6265,135.3532,58.42,99,100,3.27
464,San Carlos De Bariloche,AR,2022-06-28 00:02:39,-41.1456,-71.3082,36.27,96,100,9.4
465,Kingman,US,2022-06-28 00:03:09,35.1894,-114.053,102.18,17,40,19.57
466,Calabozo,VE,2022-06-28 00:05:46,8.9242,-67.4293,74.84,89,96,4.74
467,Martapura,ID,2022-06-28 00:05:46,-3.4167,114.85,75.29,100,20,3.44
468,Aviles,ES,2022-06-28 00:05:47,43.5547,-5.9248,61.99,72,75,2.3
469,Arbazh,RU,2022-06-28 00:05:47,57.6804,48.3065,42.55,88,0,6.46
470,Hobyo,SO,2022-06-28 00:05:47,5.3505,48.5268,77.49,72,46,25.99
471,Deputatskiy,RU,2022-06-28 00:05:48,69.3,139.9,31.89,99,100,1.23
472,Inta,RU,2022-06-28 00:05:48,66.0317,60.1659,39.6,87,100,17.45
473,Tanggu,CN,2022-06-28 00:05:48,39.0211,117.6469,76.96,67,60,11.41
474,Kahului,US,2022-06-28 00:05:49,20.8947,-156.47,89.62,57,40,24.16
475,Katangli,RU,2022-06-28 00:05:49,51.7102,143.2326,50.68,88,99,5.82
476,Balakhninskiy,RU,2022-06-28 00:05:49,58.0106,114.2769,67.73,85,51,3.65
477,Kijang,KR,2022-06-28 00:05:49,35.2442,129.2139,80.33,96,100,18.68
478,Labuhan,ID,2022-06-28 00:05:50,-6.8844,112.2051,75.88,84,65,12.12
479,Hay River,CA,2022-06-28 00:05:50,60.8156,-115.7999,61.83,41,65,7.63
480,Talaya,RU,2022-06-28 00:05:50,61.3833,152.75,80.33,29,8,15.08
481,Camacha,PT,2022-06-28 00:05:51,33.0833,-16.3333,63.82,68,20,11.5
482,Yulara,AU,2022-06-28 00:05:51,-25.2406,130.9889,53.2,47,95,15.05
483,Thung Song,TH,2022-06-28 00:05:51,8.1645,99.6804,76.05,93,95,1.95
484,Kalaleh,IR,2022-06-28 00:05:52,37.3807,55.4916,76.12,64,0,2.66
485,Jega,NG,2022-06-28 00:05:52,12.2175,4.3792,84.63,50,94,3.29
486,Tarko-Sale,RU,2022-06-28 00:05:52,64.9225,77.785,57.04,94,100,13.44
487,Dubbo,AU,2022-06-28 00:05:52,-32.25,148.6167,41.13,75,2,11.5
488,Pangnirtung,CA,2022-06-28 00:05:53,66.1451,-65.7125,39.42,97,100,3.94
489,Broome,US,2022-06-28 00:05:53,42.2506,-75.833,68.18,68,0,11.5
490,Shambu,ET,2022-06-28 00:05:53,9.5667,37.1,48.0,92,95,1.3
491,Lovozero,RU,2022-06-28 00:05:54,68.005,35.0117,43.93,80,0,5.97
492,Basco,PH,2022-06-28 00:05:54,20.4487,121.9702,84.2,78,84,17.87
493,Kyzyl-Suu,KG,2022-06-28 00:05:54,42.3414,78.0056,61.43,53,54,4.92
494,Capitan Bado,PY,2022-06-28 00:05:55,-23.2667,-55.5333,62.98,68,33,8.86
495,Rio Branco,BR,2022-06-28 00:05:55,-9.9747,-67.81,74.01,88,0,2.3
496,Kirakira,SB,2022-06-28 00:05:55,-10.4544,161.9205,77.68,90,95,7.49
497,Santiago,CL,2022-06-28 00:04:36,-33.4569,-70.6483,52.86,75,75,6.91
498,Kavieng,PG,2022-06-28 00:05:56,-2.5744,150.7967,84.78,67,100,12.8
499,Hasaki,JP,2022-06-28 00:05:56,35.7333,140.8333,88.29,73,92,2.77
500,Karoi,ZW,2022-06-28 00:05:56,-16.8099,29.6925,48.94,79,28,6.53
501,Zhanaozen,KZ,2022-06-28 00:05:57,43.3,52.8,85.32,31,1,23.24
502,Canchungo,GW,2022-06-28 00:05:57,12.0672,-16.0333,80.78,83,72,5.79
503,Bowen,AU,2022-06-28 00:05:57,-20.0167,148.2333,65.68,59,51,18.63
504,Rupert,US,2022-06-28 00:05:58,42.6191,-113.6772,91.35,16,0,5.75
505,Kattivakkam,IN,2022-06-28 00:05:58,13.2167,80.3167,83.07,92,97,10.58
506,Luanda,AO,2022-06-28 00:02:23,-8.8368,13.2343,68.54,90,27,8.19
507,Ahipara,NZ,2022-06-28 00:05:59,-35.1667,173.1667,58.53,89,100,10.45
508,Tautira,PF,2022-06-28 00:06:00,-17.7333,-149.15,79.29,73,15,15.75
509,Novikovo,RU,2022-06-28 00:06:00,51.1537,37.8879,65.66,84,1,4.05
510,Banda Aceh,ID,2022-06-28 00:06:00,5.5577,95.3222,79.23,82,100,8.95
511,Del Rio,US,2022-06-28 00:06:01,29.3627,-100.8968,89.71,43,40,18.41
512,Kaseda,JP,2022-06-28 00:06:01,31.4167,130.3167,80.67,79,96,8.37
513,Dinghai,CN,2022-06-28 00:06:02,26.2847,119.7936,77.9,87,92,4.88
514,Vestmannaeyjar,IS,2022-06-28 00:06:02,63.4427,-20.2734,49.82,90,99,11.05
515,Kutum,SD,2022-06-28 00:06:03,14.2,24.6667,79.59,43,98,5.17
516,Sayyan,YE,2022-06-28 00:06:03,15.1718,44.3244,68.74,26,100,8.12
517,Diamantino,BR,2022-06-28 00:06:03,-14.4086,-56.4461,71.19,41,0,3.67
518,Shahreza,IR,2022-06-28 00:06:04,32.0339,51.8794,74.55,15,1,4.23
519,Ko Samui,TH,2022-06-28 00:06:04,9.5357,99.9357,82.65,77,82,9.8
520,Batagay-Alyta,RU,2022-06-28 00:06:05,67.8006,130.4114,36.03,96,99,4.59
521,Zeya,RU,2022-06-28 00:06:05,53.75,127.2667,68.74,83,69,1.97
522,Buala,SB,2022-06-28 00:06:06,-8.145,159.5921,83.66,71,94,6.46
523,Katherine,AU,2022-06-28 00:06:06,-14.4667,132.2667,71.92,43,75,18.41
524,Samarai,PG,2022-06-28 00:06:07,-10.6167,150.6667,82.31,77,100,9.48
525,Krasnyy Profintern,RU,2022-06-28 00:06:07,57.7446,40.435,55.42,71,18,7.47
526,Auki,SB,2022-06-28 00:06:08,-8.7676,160.7034,82.83,73,100,3.74
527,Salinas,US,2022-06-28 00:04:53,36.6777,-121.6555,98.56,60,0,16.11
528,Mingaora,PK,2022-06-28 00:06:08,34.7758,72.3625,78.82,37,0,6.06
529,Acajutla,SV,2022-06-28 00:06:08,13.5928,-89.8275,80.74,81,66,2.37
530,Preobrazheniye,RU,2022-06-28 00:06:09,42.9019,133.9064,62.67,100,100,2.93
531,Maniitsoq,GL,2022-06-28 00:06:09,65.4167,-52.9,40.51,96,100,7.54
532,Yumen,CN,2022-06-28 00:06:09,40.2833,97.2,81.23,19,62,7.23
533,Pizarro,CO,2022-06-28 00:06:10,4.9533,-77.366,76.78,87,72,6.17
534,Karratha,AU,2022-06-28 00:06:10,-20.7377,116.8463,64.11,40,0,15.77
535,Jacareacanga,BR,2022-06-28 00:06:11,-6.2222,-57.7528,75.09,61,8,2.17
536,Bonthe,SL,2022-06-28 00:06:11,7.5264,-12.505,77.74,88,95,6.6
537,Catamarca,AR,2022-06-28 00:06:12,-28.4696,-65.7852,46.78,97,89,1.99
538,Bayangol,RU,2022-06-28 00:06:12,50.6977,103.4656,68.56,51,36,1.79
539,Oriximina,BR,2022-06-28 00:06:12,-1.7656,-55.8661,75.33,91,87,3.89
540,Adrar,MR,2022-06-28 00:06:13,20.5022,-10.0711,89.49,15,0,11.36
541,Kastamonu,TR,2022-06-28 00:06:13,41.5,33.6667,52.84,96,74,1.61
542,Douglas,US,2022-06-28 00:06:13,41.3,-96.167,80.53,35,0,10.36
543,Ossora,RU,2022-06-28 00:06:14,59.2353,163.0719,61.68,73,9,6.91
544,Aleksandrov Gay,RU,2022-06-28 00:06:14,50.147,48.5704,64.35,53,0,6.33
545,Namatanai,PG,2022-06-28 00:06:15,-3.6667,152.4333,84.54,62,97,6.69
546,Amzacea,RO,2022-06-28 00:06:15,43.95,28.4,70.29,86,69,8.52
547,Vostok,RU,2022-06-28 00:06:15,46.4856,135.8833,65.05,68,100,3.04
548,Bad Bevensen,DE,2022-06-28 00:06:16,53.0833,10.5833,65.59,90,92,8.23
549,Broken Hill,AU,2022-06-28 00:06:16,-31.95,141.4333,47.34,55,0,7.83
550,Opuwo,NA,2022-06-28 00:06:18,-18.0607,13.84,55.4,43,0,8.9
551,Olga,RU,2022-06-28 00:06:18,43.7444,135.2892,57.34,99,100,8.34
552,Atar,MR,2022-06-28 00:06:20,20.5169,-13.0499,90.82,16,0,12.84
553,Jawar,IN,2022-06-28 00:06:20,23.0,76.5,79.18,77,100,10.49
554,Roma,US,2022-06-28 00:06:20,43.2128,-75.4557,67.37,57,100,8.05
555,Besikduzu,TR,2022-06-28 00:06:21,41.052,39.2284,67.89,77,97,4.29
556,Livingstone,ZM,2022-06-28 00:06:21,-17.8419,25.8543,56.52,57,62,10.69
557,Tocopilla,CL,2022-06-28 00:06:22,-22.092,-70.1979,65.86,63,100,13.73
558,Nizhneudinsk,RU,2022-06-28 00:06:22,54.9076,99.0276,71.47,71,45,3.36
559,Port Lincoln,AU,2022-06-28 00:06:22,-34.7333,135.8667,52.95,62,40,14.09
560,Valparaiso,CL,2022-06-28 00:02:12,-33.0393,-71.6273,54.48,86,51,7.85
