City_ID,City,Lat,Lng,Max Temp,Humidity,Cloudiness,Wind Speed,Country,Date,Current Description
0,Kirakira,-10.4544,161.9205,79.65,81,12,11.7,SB,2022-07-02 16:41:07,few clouds
1,Hojai,26.0,92.8667,78.82,91,34,1.63,IN,2022-07-02 16:41:08,scattered clouds
2,Tuktoyaktuk,69.4541,-133.0374,71.6,60,20,6.91,CA,2022-07-02 16:41:08,few clouds
3,Hilo,19.7297,-155.09,73.26,92,100,4.0,US,2022-07-02 16:37:17,light rain
4,Abu Samrah,35.3029,37.1841,84.25,41,0,15.84,SY,2022-07-02 16:41:08,clear sky
5,Ushuaia,-54.8,-68.3,40.66,45,40,10.36,AR,2022-07-02 16:41:09,scattered clouds
6,Rikitea,-23.1203,-134.9692,74.07,75,58,25.55,PF,2022-07-02 16:41:09,light rain
7,Hobart,-42.8794,147.3294,39.06,93,3,5.75,AU,2022-07-02 16:41:09,clear sky
8,Busselton,-33.65,115.3333,49.28,79,0,6.93,AU,2022-07-02 16:41:10,clear sky
9,Kapaa,22.0752,-159.319,77.32,79,75,17.27,US,2022-07-02 16:41:10,broken clouds
10,Mayo,38.8876,-76.5119,92.21,74,0,11.5,US,2022-07-02 16:41:10,clear sky
11,Mogadishu,2.0371,45.3438,77.36,77,27,21.61,SO,2022-07-02 16:41:11,light rain
12,Saint-Georges,12.0564,-61.7485,85.68,74,20,23.02,GD,2022-07-02 16:40:37,few clouds
13,Lorengau,-2.0226,147.2712,81.34,81,86,10.8,PG,2022-07-02 16:41:11,overcast clouds
14,Zhigansk,66.7697,123.3711,59.04,61,86,9.78,RU,2022-07-02 16:41:11,overcast clouds
15,Provideniya,64.3833,-173.3,47.48,91,99,3.56,RU,2022-07-02 16:41:12,overcast clouds
16,Karpathos,35.507,27.2132,78.76,73,20,28.77,GR,2022-07-02 16:41:12,few clouds
17,Grindavik,63.8424,-22.4338,49.95,87,100,17.27,IS,2022-07-02 16:41:12,overcast clouds
18,Albany,42.6001,-73.9662,80.94,72,93,1.01,US,2022-07-02 16:38:03,overcast clouds
19,Karpogory,64.0019,44.4451,65.68,59,16,3.8,RU,2022-07-02 16:41:13,few clouds
20,Bulungu,-4.55,18.6,85.93,30,72,1.68,CD,2022-07-02 16:41:13,broken clouds
21,Morristown,36.214,-83.2949,86.95,68,75,5.75,US,2022-07-02 16:41:00,broken clouds
22,Lasa,46.6166,10.7002,80.37,64,31,5.39,IT,2022-07-02 16:41:13,scattered clouds
23,Puerto Ayora,-0.7393,-90.3518,76.96,86,84,5.01,EC,2022-07-02 16:40:40,broken clouds
24,Broome,42.2506,-75.833,78.98,87,100,5.75,US,2022-07-02 16:41:14,light rain
25,Saldanha,-33.0117,17.9442,57.25,82,53,13.31,ZA,2022-07-02 16:41:14,light rain
26,Geraldton,-28.7667,114.6,45.01,81,0,3.44,AU,2022-07-02 16:41:14,clear sky
27,Port-Gentil,-0.7193,8.7815,78.76,78,40,12.66,GA,2022-07-02 16:41:15,scattered clouds
28,Gushi,34.6425,109.5843,77.27,62,31,0.18,CN,2022-07-02 16:41:15,scattered clouds
29,Kenai,60.5544,-151.2583,63.03,75,0,4.61,US,2022-07-02 16:41:15,clear sky
30,Matamoros,25.5333,-103.25,82.51,44,40,9.22,MX,2022-07-02 16:41:16,scattered clouds
31,Salalah,17.0151,54.0924,84.29,84,100,6.91,OM,2022-07-02 16:41:16,overcast clouds
32,Komsomolskiy,40.4272,71.7189,84.92,26,0,4.61,UZ,2022-07-02 16:41:16,clear sky
33,Ribeira Grande,38.5167,-28.7,72.0,73,20,10.36,PT,2022-07-02 16:41:17,few clouds
34,East London,-33.0153,27.9116,72.54,37,0,6.91,ZA,2022-07-02 16:41:17,clear sky
35,Haines Junction,60.7522,-137.5108,58.95,63,100,2.3,CA,2022-07-02 16:41:17,overcast clouds
36,Arman,59.7,150.1667,55.02,59,37,7.38,RU,2022-07-02 16:41:18,scattered clouds
37,Sol-Iletsk,51.1631,54.9918,61.77,77,100,11.9,RU,2022-07-02 16:41:18,overcast clouds
38,Viedma,-40.8135,-62.9967,51.89,31,3,14.72,AR,2022-07-02 16:41:18,clear sky
39,Keffi,8.8486,7.8736,82.69,69,96,1.03,NG,2022-07-02 16:41:19,light rain
40,Talnakh,69.4865,88.3972,58.21,63,96,14.23,RU,2022-07-02 16:41:19,overcast clouds
41,Severnoye,56.3491,78.3619,52.11,90,68,6.89,RU,2022-07-02 16:41:19,broken clouds
42,Bluff,-46.6,168.3333,44.8,83,34,23.13,NZ,2022-07-02 16:41:19,scattered clouds
43,Husavik,66.0449,-17.3389,47.82,87,87,10.02,IS,2022-07-02 16:41:20,overcast clouds
44,Narsaq,60.9167,-46.05,59.22,53,46,5.91,GL,2022-07-02 16:41:20,scattered clouds
45,Pacifica,37.6138,-122.4869,61.74,95,100,13.8,US,2022-07-02 16:41:20,overcast clouds
46,Lebu,-37.6167,-73.65,49.42,90,100,25.34,CL,2022-07-02 16:41:21,light rain
47,Saint-Philippe,-21.3585,55.7679,69.39,78,87,15.32,RE,2022-07-02 16:41:21,light rain
48,Georgetown,5.4112,100.3354,85.95,69,20,6.91,MY,2022-07-02 16:39:40,few clouds
49,Coxim,-18.5067,-54.76,95.38,19,3,14.29,BR,2022-07-02 16:41:21,clear sky
50,Fukue,32.6881,128.8419,78.58,80,91,8.41,JP,2022-07-02 16:41:22,overcast clouds
51,Pevek,69.7008,170.3133,34.61,96,92,5.68,RU,2022-07-02 16:41:22,overcast clouds
52,Sisimiut,66.9395,-53.6735,45.19,81,89,3.96,GL,2022-07-02 16:41:22,overcast clouds
53,Samarai,-10.6167,150.6667,80.22,85,79,10.83,PG,2022-07-02 16:41:23,broken clouds
54,Jamestown,42.097,-79.2353,75.02,70,100,11.5,US,2022-07-02 16:41:23,overcast clouds
55,Yarada,17.65,83.2667,84.61,76,100,3.33,IN,2022-07-02 16:41:23,overcast clouds
56,Mahebourg,-20.4081,57.7,71.89,64,40,14.97,MU,2022-07-02 16:41:24,scattered clouds
57,Saskylakh,71.9167,114.0833,58.05,60,100,6.44,RU,2022-07-02 16:41:24,overcast clouds
58,Tokat,40.4167,36.5833,52.11,85,0,8.66,TR,2022-07-02 16:41:24,clear sky
59,Tbilisskaya,45.3633,40.19,65.39,59,12,4.29,RU,2022-07-02 16:41:24,few clouds
60,Yaring,6.8662,101.3689,81.0,80,100,2.98,TH,2022-07-02 16:41:25,overcast clouds
61,Simao,22.7886,100.9748,66.49,95,100,1.3,CN,2022-07-02 16:41:25,overcast clouds
62,Petropavlovsk-Kamchatskiy,53.0452,158.6483,52.39,87,0,6.71,RU,2022-07-02 16:41:25,clear sky
63,Cape Town,-33.9258,18.4232,61.38,77,40,13.8,ZA,2022-07-02 16:38:42,scattered clouds
64,Barrow,71.2906,-156.7887,42.82,81,0,12.66,US,2022-07-02 16:41:26,clear sky
65,Khatanga,71.9667,102.5,53.2,59,96,15.95,RU,2022-07-02 16:41:26,overcast clouds
66,Medicine Hat,50.0501,-110.6683,68.22,69,75,4.61,CA,2022-07-02 16:40:01,broken clouds
67,Fortuna,40.5982,-124.1573,57.85,95,75,1.01,US,2022-07-02 16:41:27,broken clouds
68,Avera,33.194,-82.5271,86.05,42,9,6.42,US,2022-07-02 16:41:27,clear sky
69,Yar-Sale,66.8333,70.8333,48.34,81,98,14.0,RU,2022-07-02 16:41:27,overcast clouds
70,Burnie,-41.0667,145.9167,42.12,82,0,4.74,AU,2022-07-02 16:41:28,clear sky
71,Mataura,-46.1927,168.8643,44.47,96,51,4.21,NZ,2022-07-02 16:41:28,broken clouds
72,Yerakion,37.0,22.7,83.75,41,18,2.42,GR,2022-07-02 16:41:28,few clouds
73,Sitka,57.0531,-135.33,55.29,82,20,3.44,US,2022-07-02 16:38:53,few clouds
74,Alta Floresta,-9.8756,-56.0861,96.62,32,0,9.22,BR,2022-07-02 16:41:29,clear sky
75,Cidreira,-30.1811,-50.2056,70.11,68,79,7.7,BR,2022-07-02 16:41:29,broken clouds
76,Hermanus,-34.4187,19.2345,59.81,75,9,24.96,ZA,2022-07-02 16:41:29,light rain
77,Saint-Francois,46.4154,3.9054,81.84,36,0,3.44,FR,2022-07-02 16:36:38,clear sky
78,Hanna,51.6334,-111.9018,54.86,86,97,4.0,CA,2022-07-02 16:41:30,overcast clouds
79,Codrington,-38.2667,141.9667,49.89,70,100,8.37,AU,2022-07-02 16:41:30,overcast clouds
80,Maraa,-1.8333,-65.3667,91.6,46,19,4.27,BR,2022-07-02 16:41:30,few clouds
81,Pacific Grove,36.6177,-121.9166,62.02,92,100,9.22,US,2022-07-02 16:41:30,overcast clouds
82,Along,28.1667,94.7667,76.08,98,60,1.79,IN,2022-07-02 16:41:31,broken clouds
83,Port Alfred,-33.5906,26.891,74.17,37,1,1.99,ZA,2022-07-02 16:41:31,clear sky
84,Hokitika,-42.7167,170.9667,48.34,89,92,3.04,NZ,2022-07-02 16:41:31,overcast clouds
85,Xuddur,4.1213,43.8894,74.82,66,100,19.89,SO,2022-07-02 16:41:32,overcast clouds
86,Sao Joao Da Barra,-21.6403,-41.0511,80.69,76,40,12.01,BR,2022-07-02 16:41:32,scattered clouds
87,Upernavik,72.7868,-56.1549,39.56,80,73,4.72,GL,2022-07-02 16:41:32,broken clouds
88,Yellowknife,62.456,-114.3525,68.52,52,40,5.01,CA,2022-07-02 16:40:10,scattered clouds
89,Neiafu,-18.65,-173.9833,75.88,78,20,5.75,TO,2022-07-02 16:41:33,few clouds
90,Butaritari,3.0707,172.7902,83.19,73,82,19.89,KI,2022-07-02 16:41:33,light rain
91,Les Cayes,18.2,-73.75,88.18,57,100,11.68,HT,2022-07-02 16:41:33,overcast clouds
92,Margate,51.3813,1.3862,71.69,47,98,1.01,GB,2022-07-02 16:41:34,overcast clouds
93,Tasiilaq,65.6145,-37.6368,42.96,83,84,3.51,GL,2022-07-02 16:41:34,broken clouds
94,Oussouye,12.485,-16.5469,91.58,53,100,10.94,SN,2022-07-02 16:41:34,overcast clouds
95,Benxi,41.2886,123.765,68.32,97,90,5.37,CN,2022-07-02 16:41:34,overcast clouds
96,Misratah,32.3754,15.0925,88.07,48,1,10.71,LY,2022-07-02 16:41:35,clear sky
97,Dwarka,22.2394,68.9678,84.38,79,100,11.74,IN,2022-07-02 16:41:35,overcast clouds
98,San Cristobal,7.7669,-72.225,78.98,47,78,7.74,VE,2022-07-02 16:41:35,broken clouds
99,Vilhena,-12.7406,-60.1458,84.42,48,40,10.36,BR,2022-07-02 16:41:36,scattered clouds
100,Karaton,-6.3424,106.1045,73.76,92,37,1.14,ID,2022-07-02 16:41:36,scattered clouds
101,Chuy,-33.6971,-53.4616,60.93,60,62,9.82,UY,2022-07-02 16:41:36,broken clouds
102,Mar Del Plata,-38.0023,-57.5575,53.1,61,75,14.97,AR,2022-07-02 16:41:05,broken clouds
103,Bredasdorp,-34.5322,20.0403,57.09,65,46,18.48,ZA,2022-07-02 16:41:37,scattered clouds
104,Olafsvik,64.8945,-23.7142,50.11,82,91,12.19,IS,2022-07-02 16:41:37,overcast clouds
105,Ucluelet,48.9329,-125.5528,60.1,85,90,5.14,CA,2022-07-02 16:41:37,overcast clouds
106,Saint George,37.1041,-113.5841,93.63,17,0,3.0,US,2022-07-02 16:41:37,clear sky
107,New Norfolk,-42.7826,147.0587,39.7,87,6,2.89,AU,2022-07-02 16:41:38,clear sky
108,Cabo San Lucas,22.8909,-109.9124,94.6,75,2,3.0,MX,2022-07-02 16:41:38,clear sky
109,Punta Arenas,-53.15,-70.9167,35.71,75,75,12.66,CL,2022-07-02 16:40:47,broken clouds
110,Calabozo,8.9242,-67.4293,84.99,70,42,4.72,VE,2022-07-02 16:41:38,scattered clouds
111,Surt,31.2089,16.5887,82.67,64,0,8.52,LY,2022-07-02 16:41:39,clear sky
112,Bayan,46.0833,127.4,67.77,95,100,5.75,CN,2022-07-02 16:41:39,overcast clouds
113,Pringsewu,-5.3582,104.9744,73.49,96,83,2.13,ID,2022-07-02 16:41:39,broken clouds
114,Poum,-20.2333,164.0167,76.98,81,99,18.66,NC,2022-07-02 16:41:40,overcast clouds
115,Wagar,16.1525,36.2032,98.82,23,27,4.12,SD,2022-07-02 16:41:40,scattered clouds
116,Victoria,22.2855,114.1577,84.33,88,100,27.0,HK,2022-07-02 16:38:59,overcast clouds
117,Kodiak,57.79,-152.4072,53.11,94,100,18.41,US,2022-07-02 16:41:40,moderate rain
118,Santa Isabel Do Rio Negro,-0.4139,-65.0192,91.49,48,18,4.25,BR,2022-07-02 16:41:41,few clouds
119,Kavieng,-2.5744,150.7967,82.02,81,89,15.14,PG,2022-07-02 16:41:41,light rain
120,Touros,-5.1989,-35.4608,83.73,66,67,15.88,BR,2022-07-02 16:41:41,broken clouds
121,West Wendover,40.7391,-114.0733,81.61,24,0,6.91,US,2022-07-02 16:38:13,clear sky
122,Kruisfontein,-34.0033,24.7314,62.89,60,6,6.85,ZA,2022-07-02 16:41:42,clear sky
123,Yeppoon,-23.1333,150.7333,60.58,95,100,4.72,AU,2022-07-02 16:41:42,moderate rain
124,Souillac,-20.5167,57.5167,71.98,64,40,14.97,MU,2022-07-02 16:41:42,scattered clouds
125,Alyangula,-13.8483,136.4192,72.34,79,99,18.9,AU,2022-07-02 16:41:43,overcast clouds
126,Atuona,-9.8,-139.0333,77.5,74,12,13.76,PF,2022-07-02 16:41:43,few clouds
127,Avarua,-21.2078,-159.775,73.45,73,36,4.61,CK,2022-07-02 16:41:43,scattered clouds
128,Gao,16.6362,1.637,101.66,20,35,12.55,ML,2022-07-02 16:41:43,scattered clouds
129,Hami,42.8,93.45,83.95,16,49,7.76,CN,2022-07-02 16:39:14,scattered clouds
130,Klaksvik,62.2266,-6.589,50.92,93,100,25.17,FO,2022-07-02 16:41:44,light rain
131,Mahibadhoo,3.7833,72.9667,82.72,75,100,13.65,MV,2022-07-02 16:41:44,overcast clouds
132,Half Moon Bay,37.4636,-122.4286,63.41,87,100,13.8,US,2022-07-02 16:41:45,overcast clouds
133,Bubaque,11.2833,-15.8333,81.07,77,84,12.06,GW,2022-07-02 16:41:45,broken clouds
134,Alofi,-19.0595,-169.9187,71.49,94,16,3.44,NU,2022-07-02 16:41:45,few clouds
135,Soe,-9.8607,124.284,66.42,96,100,4.56,ID,2022-07-02 16:41:46,overcast clouds
136,Padang,-0.9492,100.3543,76.26,89,48,4.27,ID,2022-07-02 16:41:46,scattered clouds
137,Vaini,-21.2,-175.2,71.76,83,20,6.91,TO,2022-07-02 16:41:46,few clouds
138,Dingle,10.9995,122.6711,77.43,88,100,3.94,PH,2022-07-02 16:41:46,overcast clouds
139,Carnarvon,-24.8667,113.6333,62.69,39,0,15.17,AU,2022-07-02 16:41:47,clear sky
140,Castro,-24.7911,-50.0119,71.28,51,0,9.98,BR,2022-07-02 16:41:47,clear sky
141,Xuanhua,40.6103,115.0447,73.51,81,100,5.46,CN,2022-07-02 16:41:47,overcast clouds
142,Claremore,36.3126,-95.6161,91.27,71,98,5.19,US,2022-07-02 16:41:48,overcast clouds
143,Wanning,18.8003,110.3967,79.66,89,100,15.23,CN,2022-07-02 16:41:48,moderate rain
144,Yulara,-25.2406,130.9889,43.45,65,0,11.36,AU,2022-07-02 16:41:48,clear sky
145,Onalaska,43.8844,-91.2351,78.85,62,0,8.05,US,2022-07-02 16:41:49,clear sky
146,Terekli-Mekteb,44.1671,45.8698,73.35,34,90,14.09,RU,2022-07-02 16:41:49,overcast clouds
147,Clyde River,70.4692,-68.5914,32.23,100,100,9.22,CA,2022-07-02 16:41:20,mist
148,Russell,32.3502,-85.1999,86.97,65,75,6.91,US,2022-07-02 16:41:49,broken clouds
149,Cap Malheureux,-19.9842,57.6142,70.47,67,91,7.0,MU,2022-07-02 16:41:50,overcast clouds
150,Mayumba,-3.432,10.6554,73.33,87,76,5.75,GA,2022-07-02 16:41:50,broken clouds
151,Kulu,39.0951,33.0799,73.51,37,0,17.47,TR,2022-07-02 16:41:50,clear sky
152,Diego De Almagro,-26.3667,-70.05,69.73,17,98,3.8,CL,2022-07-02 16:41:51,overcast clouds
153,Pouembout,-21.1333,164.9,71.24,89,100,4.5,NC,2022-07-02 16:41:51,overcast clouds
154,Tiksi,71.6872,128.8694,42.35,94,100,2.64,RU,2022-07-02 16:41:51,overcast clouds
155,Tome,-36.6167,-72.95,52.41,74,80,18.9,CL,2022-07-02 16:41:52,light rain
156,Kutum,14.2,24.6667,83.17,37,99,1.5,SD,2022-07-02 16:41:52,overcast clouds
157,Lakefield,43.6775,-95.1717,79.99,49,0,4.61,US,2022-07-02 16:41:52,clear sky
158,Kloulklubed,7.0419,134.2556,77.5,77,100,9.95,PW,2022-07-02 16:41:53,overcast clouds
159,Aklavik,68.2191,-135.0107,75.2,53,20,8.05,CA,2022-07-02 16:41:53,haze
160,Thompson,55.7435,-97.8558,59.16,63,75,6.91,CA,2022-07-02 16:41:53,broken clouds
161,Richards Bay,-28.783,32.0377,69.87,39,0,12.1,ZA,2022-07-02 16:41:54,clear sky
162,Airai,-8.9266,125.4092,60.17,97,98,4.41,TL,2022-07-02 16:41:54,overcast clouds
163,Hithadhoo,-0.6,73.0833,83.35,69,100,12.44,MV,2022-07-02 16:41:54,heavy intensity rain
164,Katsuura,35.1333,140.3,75.72,96,42,13.73,JP,2022-07-02 16:41:55,scattered clouds
165,Severo-Yeniseyskiy,60.3725,93.0408,49.39,95,95,5.1,RU,2022-07-02 16:41:55,overcast clouds
166,Tautira,-17.7333,-149.15,76.17,72,18,17.54,PF,2022-07-02 16:41:55,light rain
167,Nizhniy Chir,48.3597,43.0865,61.63,75,94,20.76,RU,2022-07-02 16:41:56,overcast clouds
168,Sorong,-0.8833,131.25,78.69,85,99,6.73,ID,2022-07-02 16:41:56,light rain
169,Ponta Do Sol,32.6667,-17.1,75.83,73,59,3.13,PT,2022-07-02 16:41:56,broken clouds
170,Ternate,0.8,127.4,80.58,80,53,2.86,ID,2022-07-02 16:41:56,broken clouds
171,Luderitz,-26.6481,15.1594,60.19,78,0,8.23,NA,2022-07-02 16:41:57,clear sky
172,Karratha,-20.7377,116.8463,63.21,30,0,18.59,AU,2022-07-02 16:38:14,clear sky
173,Arraial Do Cabo,-22.9661,-42.0278,78.76,65,0,18.41,BR,2022-07-02 16:41:57,clear sky
174,Praia Da Vitoria,38.7333,-27.0667,70.75,83,40,11.23,PT,2022-07-02 16:39:36,scattered clouds
175,Ende,-8.8432,121.6623,77.88,90,96,2.37,ID,2022-07-02 16:40:54,overcast clouds
176,Hua Hin,12.5707,99.9588,85.89,69,100,11.36,TH,2022-07-02 16:41:58,overcast clouds
177,Kahului,20.8947,-156.47,78.84,79,0,12.66,US,2022-07-02 16:41:58,clear sky
178,Flin Flon,54.7682,-101.865,66.04,30,75,8.05,CA,2022-07-02 16:41:58,broken clouds
179,Kailua,21.4022,-157.7394,77.02,77,75,11.5,US,2022-07-02 16:41:59,broken clouds
180,Kununurra,-15.7667,128.7333,66.18,52,12,12.66,AU,2022-07-02 16:41:43,few clouds
181,Edgewater,28.9889,-80.9023,91.02,70,100,3.29,US,2022-07-02 16:38:59,heavy intensity rain
182,Namtsy,62.7161,129.6658,60.67,67,100,3.74,RU,2022-07-02 16:41:59,overcast clouds
183,Anadyr,64.75,177.4833,43.3,100,75,13.42,RU,2022-07-02 16:41:59,light intensity drizzle
184,Hambantota,6.1241,81.1185,80.33,79,22,19.51,LK,2022-07-02 16:42:00,few clouds
185,Colonia,50.9333,6.95,83.91,32,0,8.05,DE,2022-07-02 16:42:00,clear sky
186,Ouegoa,-20.35,164.4333,74.16,86,100,10.89,NC,2022-07-02 16:42:00,overcast clouds
187,Garmsar,35.2182,52.3409,99.81,9,0,11.63,IR,2022-07-02 16:42:01,clear sky
188,Bambous Virieux,-20.3428,57.7575,71.85,64,40,14.97,MU,2022-07-02 16:42:01,scattered clouds
189,Lompoc,34.6391,-120.4579,59.14,98,100,10.36,US,2022-07-02 16:40:35,overcast clouds
190,Mitsamiouli,-11.3847,43.2844,77.29,69,20,18.41,KM,2022-07-02 16:42:01,few clouds
191,Smithers,54.7804,-127.1743,62.92,77,40,0.0,CA,2022-07-02 16:42:02,scattered clouds
192,Ocampo,21.65,-101.5,72.41,39,55,5.79,MX,2022-07-02 16:42:02,broken clouds
193,Te Anau,-45.4167,167.7167,44.38,91,91,3.78,NZ,2022-07-02 16:42:02,overcast clouds
194,College,64.8569,-147.8028,69.75,75,75,0.0,US,2022-07-02 16:42:03,thunderstorm
195,Bethel,41.3712,-73.414,86.76,57,0,9.22,US,2022-07-02 16:39:08,clear sky
196,Strezhevoy,60.7333,77.5889,52.97,81,91,7.85,RU,2022-07-02 16:42:03,overcast clouds
197,Dunedin,-45.8742,170.5036,48.79,62,77,3.0,NZ,2022-07-02 16:42:03,broken clouds
198,Amapa,1.0,-52.0,84.27,63,42,5.41,BR,2022-07-02 16:42:04,scattered clouds
199,Puntarenas,9.9763,-84.8384,81.84,79,100,9.08,CR,2022-07-02 16:42:04,overcast clouds
200,Fairbanks,64.8378,-147.7164,69.76,75,75,0.0,US,2022-07-02 16:42:04,smoke
201,Santiago Del Estero,-27.7951,-64.2615,67.93,27,57,8.43,AR,2022-07-02 16:42:05,broken clouds
202,Wakkanai,45.4094,141.6739,60.4,99,100,21.12,JP,2022-07-02 16:39:22,overcast clouds
203,Nizwa,22.9333,57.5333,98.69,22,99,10.11,OM,2022-07-02 16:42:05,overcast clouds
204,Cockburn Town,21.4612,-71.1419,81.81,74,28,19.35,TC,2022-07-02 16:42:06,scattered clouds
205,Zemio,5.0314,25.1361,71.1,93,41,4.16,CF,2022-07-02 16:42:06,light rain
206,Bulawayo,-20.15,28.5833,57.97,58,70,6.26,ZW,2022-07-02 16:42:06,broken clouds
207,Vardo,70.3705,31.1107,53.58,87,14,5.75,NO,2022-07-02 16:42:06,few clouds
208,Hofn,64.2539,-15.2082,50.09,93,100,11.52,IS,2022-07-02 16:42:07,overcast clouds
209,Salinopolis,-0.6136,-47.3561,82.74,73,20,13.31,BR,2022-07-02 16:42:07,few clouds
210,Hobyo,5.3505,48.5268,78.1,75,98,28.48,SO,2022-07-02 16:42:08,overcast clouds
211,Koslan,63.4564,48.8989,60.3,67,69,3.0,RU,2022-07-02 16:42:08,broken clouds
212,Yangjiang,21.85,111.9667,78.78,94,100,32.79,CN,2022-07-02 16:42:08,light rain
213,Namibe,-15.1961,12.1522,70.74,60,2,9.73,AO,2022-07-02 16:42:09,clear sky
214,Aksarka,66.5606,67.7975,49.5,68,93,14.79,RU,2022-07-02 16:42:09,overcast clouds
215,Poronaysk,49.2167,143.1167,62.73,79,100,0.98,RU,2022-07-02 16:42:09,overcast clouds
216,Cherskiy,68.75,161.3,40.39,93,100,13.0,RU,2022-07-02 16:42:09,light rain
217,Coos Bay,43.3665,-124.2179,61.32,91,100,8.05,US,2022-07-02 16:39:24,overcast clouds
218,Palma,39.5694,2.6502,91.2,31,0,9.22,ES,2022-07-02 16:42:10,clear sky
219,Bilibino,68.0546,166.4372,42.93,95,100,7.29,RU,2022-07-02 16:42:10,light rain
220,Marietta,33.9526,-84.5499,88.32,66,75,4.61,US,2022-07-02 16:37:54,broken clouds
221,Nikolskoye,59.7035,30.7861,85.89,45,88,4.92,RU,2022-07-02 16:42:10,overcast clouds
222,Adoni,15.6333,77.2833,83.1,59,100,20.49,IN,2022-07-02 16:40:47,moderate rain
223,Nusaybin,37.0778,41.2178,92.98,22,2,19.91,TR,2022-07-02 16:42:11,clear sky
224,Thomaston,32.8882,-84.3266,87.58,64,40,4.61,US,2022-07-02 16:42:11,scattered clouds
225,Namwala,-15.7504,26.4384,65.48,45,97,6.8,ZM,2022-07-02 16:42:12,overcast clouds
226,Rangapara,26.8167,92.65,81.34,85,85,4.14,IN,2022-07-02 16:42:12,overcast clouds
227,Andenes,69.3143,16.1194,60.04,82,46,7.05,NO,2022-07-02 16:42:12,scattered clouds
228,Union City,37.5958,-122.0192,65.86,78,100,9.22,US,2022-07-02 16:40:35,overcast clouds
229,Mwene-Ditu,-7.0,23.45,75.87,37,19,2.3,CD,2022-07-02 16:42:12,few clouds
230,Honiara,-9.4333,159.95,76.75,78,26,6.49,SB,2022-07-02 16:42:13,scattered clouds
231,Sioux Lookout,50.1001,-91.917,62.67,51,75,11.5,CA,2022-07-02 16:42:13,broken clouds
232,Lavrentiya,65.5833,-171.0,44.85,98,100,2.75,RU,2022-07-02 16:42:13,overcast clouds
233,Sao Sepe,-30.1606,-53.5653,67.77,80,95,3.78,BR,2022-07-02 16:42:14,overcast clouds
234,Cozumel,20.5083,-86.9458,88.95,71,40,6.91,MX,2022-07-02 16:40:04,scattered clouds
235,Itupiranga,-5.1347,-49.3267,91.72,51,37,4.76,BR,2022-07-02 16:42:14,scattered clouds
236,Kibre Mengist,5.8833,38.9833,59.22,81,59,1.45,ET,2022-07-02 16:42:14,broken clouds
237,Coquimbo,-29.9533,-71.3436,58.73,77,0,8.05,CL,2022-07-02 16:42:15,clear sky
238,Jalu,29.0331,21.5482,97.45,16,0,8.97,LY,2022-07-02 16:42:15,clear sky
239,Radom,51.4025,21.1471,69.15,81,99,5.99,PL,2022-07-02 16:42:00,overcast clouds
240,Verkh-Chebula,56.0308,87.6218,52.36,95,31,8.88,RU,2022-07-02 16:42:15,light rain
241,Dikson,73.5069,80.5464,33.24,93,100,13.33,RU,2022-07-02 16:42:16,overcast clouds
242,Kawalu,-7.3817,108.2082,73.11,97,99,1.14,ID,2022-07-02 16:42:16,overcast clouds
243,Elizabeth City,36.2946,-76.2511,88.0,68,0,14.97,US,2022-07-02 16:38:17,clear sky
244,Bykovo,55.6361,38.0803,77.41,29,0,11.18,RU,2022-07-02 16:42:16,clear sky
245,Kaitangata,-46.2817,169.8464,45.97,87,64,8.72,NZ,2022-07-02 16:42:17,broken clouds
246,Antipino,57.1068,65.7576,64.69,82,99,5.99,RU,2022-07-02 16:42:17,overcast clouds
247,Sao Gabriel Da Cachoeira,-0.1303,-67.0892,85.8,74,40,4.61,BR,2022-07-02 16:42:17,scattered clouds
248,Port Augusta,-32.5,137.7667,42.42,79,0,5.64,AU,2022-07-02 16:42:18,clear sky
249,Coahuayana,18.7333,-103.6833,89.26,61,48,5.35,MX,2022-07-02 16:42:18,scattered clouds
250,Santa Helena De Goias,-17.8136,-50.5969,87.73,23,9,7.16,BR,2022-07-02 16:42:18,clear sky
251,Moranbah,-22.0016,148.0466,57.18,89,94,12.48,AU,2022-07-02 16:42:19,overcast clouds
252,Qasigiannguit,68.8193,-51.1922,43.05,89,99,2.64,GL,2022-07-02 16:42:19,overcast clouds
253,Talcher,20.95,85.2167,80.83,84,98,3.47,IN,2022-07-02 16:42:19,light rain
254,Guerrero Negro,27.9769,-114.0611,73.9,65,0,16.87,MX,2022-07-02 16:42:20,clear sky
255,Yamada,39.4667,141.95,70.68,85,37,4.16,JP,2022-07-02 16:42:20,scattered clouds
256,Petrinja,45.4375,16.29,84.11,44,0,5.37,HR,2022-07-02 16:42:20,clear sky
257,Oranjemund,-28.55,16.4333,58.42,85,1,4.99,NA,2022-07-02 16:42:21,clear sky
258,Disraeli,45.9001,-71.3491,74.21,52,72,3.0,CA,2022-07-02 16:42:21,broken clouds
259,Chokurdakh,70.6333,147.9167,44.04,63,16,6.69,RU,2022-07-02 16:42:21,few clouds
260,Mayskiy,47.6931,40.1025,67.41,46,20,13.33,RU,2022-07-02 16:42:22,few clouds
261,Virginia Beach,36.8529,-75.978,90.01,54,40,13.8,US,2022-07-02 16:42:22,scattered clouds
262,Mana,5.6592,-53.7767,83.61,71,35,10.07,GF,2022-07-02 16:42:22,scattered clouds
263,Thinadhoo,0.5333,72.9333,84.36,66,100,16.11,MV,2022-07-02 16:42:23,overcast clouds
264,Pangody,65.85,74.4859,47.55,82,100,12.44,RU,2022-07-02 16:42:23,overcast clouds
265,Pocone,-16.2567,-56.6228,94.19,25,4,10.92,BR,2022-07-02 16:42:23,clear sky
266,Torrijos,39.9819,-4.2835,93.85,19,26,3.27,ES,2022-07-02 16:42:24,scattered clouds
267,Udachnyy,66.4167,112.4,61.45,93,95,4.92,RU,2022-07-02 16:42:24,overcast clouds
268,Turukhansk,65.8167,87.9833,57.07,70,40,7.96,RU,2022-07-02 16:42:24,scattered clouds
269,Ahipara,-35.1667,173.1667,49.12,82,82,3.56,NZ,2022-07-02 16:42:25,broken clouds
270,Trinidad,-14.8333,-64.9,87.78,48,82,13.8,BO,2022-07-02 16:42:25,broken clouds
271,Acapulco,16.8634,-99.8901,85.82,79,40,5.75,MX,2022-07-02 16:42:25,scattered clouds
272,Norman Wells,65.282,-126.8329,69.84,49,20,12.66,CA,2022-07-02 16:42:26,few clouds
273,Kholmogory,64.2229,41.656,68.11,63,22,3.71,RU,2022-07-02 16:42:26,few clouds
274,Sabzevar,36.2126,57.6819,94.28,11,0,13.8,IR,2022-07-02 16:42:26,clear sky
275,Neosho,36.869,-94.368,87.01,74,100,3.0,US,2022-07-02 16:42:27,overcast clouds
276,Teahupoo,-17.8333,-149.2667,64.36,72,25,18.84,PF,2022-07-02 16:42:27,light rain
277,Naze,28.3667,129.4833,77.92,91,99,20.94,JP,2022-07-02 16:42:27,overcast clouds
278,Yongan,39.6957,113.6871,66.85,91,100,3.11,CN,2022-07-02 16:42:28,overcast clouds
279,Bengkulu,-3.8004,102.2655,74.62,87,76,4.45,ID,2022-07-02 16:42:28,broken clouds
280,Rawson,-43.3002,-65.1023,50.18,34,0,13.89,AR,2022-07-02 16:42:28,clear sky
281,Kaiyuan,23.6977,103.3037,68.16,88,10,1.9,CN,2022-07-02 16:42:28,clear sky
282,Helong,42.5397,128.9972,68.11,74,78,3.69,CN,2022-07-02 16:42:29,broken clouds
283,Barra Do Garcas,-15.89,-52.2567,91.98,31,0,9.22,BR,2022-07-02 16:42:29,clear sky
284,Santa Maria,-29.6842,-53.8069,74.5,57,0,9.22,BR,2022-07-02 16:42:29,clear sky
285,Broken Hill,-31.95,141.4333,39.29,78,0,13.76,AU,2022-07-02 16:42:30,clear sky
286,Abu Dhabi,24.4667,54.3667,91.51,81,92,11.5,AE,2022-07-02 16:42:16,overcast clouds
287,Sheregesh,52.9209,87.9869,49.91,89,51,4.03,RU,2022-07-02 16:42:30,broken clouds
288,Marabba,12.35,32.1833,97.23,27,73,1.74,SD,2022-07-02 16:42:30,broken clouds
289,Eydhafushi,5.1033,73.0708,82.02,80,100,15.43,MV,2022-07-02 16:42:31,moderate rain
290,Grosseto,42.8333,11.25,95.92,28,0,10.36,IT,2022-07-02 16:42:31,clear sky
291,Gazanjyk,39.2446,55.5154,85.15,46,0,20.4,TM,2022-07-02 16:42:31,clear sky
292,Grants Pass,42.439,-123.3284,73.17,72,100,5.75,US,2022-07-02 16:42:31,overcast clouds
293,Natal,-5.795,-35.2094,86.22,74,40,14.97,BR,2022-07-02 16:41:54,scattered clouds
294,Sakiai,54.9547,23.0358,63.36,97,100,12.91,LT,2022-07-02 16:42:32,overcast clouds
295,Storsteinnes,69.2408,19.2344,86.65,43,54,6.42,NO,2022-07-02 16:42:32,broken clouds
296,Kimbe,-5.5502,150.1429,75.36,94,58,3.49,PG,2022-07-02 16:42:33,broken clouds
297,Otane,-39.8833,176.6333,39.61,92,2,2.86,NZ,2022-07-02 16:42:33,clear sky
298,Qaanaaq,77.484,-69.3632,40.73,71,100,2.37,GL,2022-07-02 16:42:33,overcast clouds
299,Sorland,67.667,12.6934,57.06,94,85,9.13,NO,2022-07-02 16:42:33,overcast clouds
300,Kilindoni,-7.9139,39.6668,76.51,70,23,15.61,TZ,2022-07-02 16:42:34,light rain
301,Moba,33.2288,105.0179,57.74,98,38,3.56,CN,2022-07-02 16:42:34,scattered clouds
302,Houma,29.5958,-90.7195,91.0,70,40,9.22,US,2022-07-02 16:37:58,scattered clouds
303,Samana,19.2056,-69.3369,89.82,62,75,9.22,DO,2022-07-02 16:42:35,broken clouds
304,Port Said,31.2565,32.2841,82.38,78,0,11.5,EG,2022-07-02 16:42:35,clear sky
305,Kashi,39.4547,75.9797,92.41,8,0,13.42,CN,2022-07-02 16:42:35,clear sky
306,Marsh Harbour,26.5412,-77.0636,82.18,73,100,14.32,BS,2022-07-02 16:42:35,overcast clouds
307,Sabang,5.8933,95.3214,83.86,72,100,16.13,ID,2022-07-02 16:42:36,overcast clouds
308,Ola,59.5833,151.2833,55.15,51,69,17.45,RU,2022-07-02 16:42:36,broken clouds
309,Tenenkou,14.4572,-4.9169,80.8,63,78,15.64,ML,2022-07-02 16:42:36,moderate rain
310,Hasaki,35.7333,140.8333,75.29,93,67,8.66,JP,2022-07-02 16:39:21,broken clouds
311,Koutsouras,35.0339,25.9469,85.1,42,0,15.41,GR,2022-07-02 16:42:37,clear sky
312,Pangnirtung,66.1451,-65.7125,42.8,87,75,18.41,CA,2022-07-02 16:42:37,broken clouds
313,Kismayo,-0.3582,42.5454,76.93,75,35,19.3,SO,2022-07-02 16:42:37,scattered clouds
314,Hue,16.4667,107.6,86.11,70,75,5.75,VN,2022-07-02 16:42:38,broken clouds
315,Wilmington,34.2257,-77.9447,80.01,86,100,9.22,US,2022-07-02 16:42:30,moderate rain
316,Sampit,-2.5333,112.95,74.97,97,46,2.37,ID,2022-07-02 16:42:38,scattered clouds
317,Kudahuvadhoo,2.6708,72.8944,82.62,74,100,15.17,MV,2022-07-02 16:42:38,overcast clouds
318,Mehamn,71.0357,27.8492,84.15,42,1,11.5,NO,2022-07-02 16:42:39,clear sky
319,Leningradskiy,69.3833,178.4167,38.37,89,94,2.82,RU,2022-07-02 16:42:39,overcast clouds
320,Trincomalee,8.5711,81.2335,81.19,80,88,19.17,LK,2022-07-02 16:42:39,overcast clouds
321,Awjilah,29.1081,21.2869,97.57,18,0,11.36,LY,2022-07-02 16:42:40,clear sky
322,Salinas,36.6777,-121.6555,62.44,85,100,9.22,US,2022-07-02 16:42:40,overcast clouds
323,Faanui,-16.4833,-151.75,78.3,69,51,20.42,PF,2022-07-02 16:42:40,light rain
324,San Miguel,13.4833,-88.1833,87.46,70,40,4.61,SV,2022-07-02 16:42:40,scattered clouds
325,Teguise,29.0605,-13.564,75.42,50,40,17.27,ES,2022-07-02 16:42:41,scattered clouds
326,Capreol,46.706,-80.9225,70.27,35,20,16.11,CA,2022-07-02 16:42:41,few clouds
327,Brigantine,39.4101,-74.3646,88.2,72,0,10.36,US,2022-07-02 16:42:41,clear sky
328,Port Blair,11.6667,92.75,83.01,82,58,17.45,IN,2022-07-02 16:42:42,broken clouds
329,Marawi,7.9986,124.2928,72.12,80,100,3.89,PH,2022-07-02 16:42:42,overcast clouds
330,Ierapetra,35.01,25.7353,85.14,42,0,25.01,GR,2022-07-02 16:42:42,clear sky
331,Homer,59.6425,-151.5483,62.76,74,0,8.05,US,2022-07-02 16:42:43,clear sky
332,Tura,25.5198,90.2201,76.01,87,71,3.58,IN,2022-07-02 16:42:43,broken clouds
333,Bournemouth,50.7205,-1.8795,65.3,75,40,14.97,GB,2022-07-02 16:40:53,scattered clouds
334,Linkoping,58.4109,15.6216,71.98,51,20,13.8,SE,2022-07-02 16:42:43,few clouds
335,San Luis,-33.295,-66.3356,56.55,22,97,11.23,AR,2022-07-02 16:41:26,overcast clouds
336,Saint-Pierre,-21.3393,55.4781,69.91,75,40,21.85,RE,2022-07-02 16:42:44,scattered clouds
337,Torbay,47.6666,-52.7314,77.77,47,40,18.41,CA,2022-07-02 16:42:44,scattered clouds
338,Rabo De Peixe,37.8,-25.5833,71.11,73,75,10.36,PT,2022-07-02 16:42:10,broken clouds
339,Dubbo,-32.25,148.6167,48.33,93,75,9.22,AU,2022-07-02 16:41:46,broken clouds
340,Imbituba,-28.24,-48.6703,72.09,78,14,15.99,BR,2022-07-02 16:42:44,few clouds
341,Caravelas,-17.7125,-39.2481,78.71,60,43,9.98,BR,2022-07-02 16:42:45,scattered clouds
342,Asau,46.4333,26.4,81.52,77,95,4.7,RO,2022-07-02 16:42:45,overcast clouds
343,Pimentel,-6.8367,-79.9342,66.49,68,100,4.61,PE,2022-07-02 16:42:45,overcast clouds
344,Puerto Escondido,15.85,-97.0667,86.83,58,20,5.75,MX,2022-07-02 16:42:46,few clouds
345,Diamantino,-14.4086,-56.4461,93.25,24,77,8.79,BR,2022-07-02 16:42:46,broken clouds
346,Celestun,20.8667,-90.4,87.44,60,33,5.08,MX,2022-07-02 16:42:46,scattered clouds
347,Rocha,-34.4833,-54.3333,56.66,59,60,14.76,UY,2022-07-02 16:42:46,broken clouds
348,Solnechnyy,50.7214,136.6319,66.07,91,76,3.31,RU,2022-07-02 16:42:47,broken clouds
349,Iwaki,37.05,140.8833,76.77,91,0,1.01,JP,2022-07-02 16:42:47,clear sky
350,Mecca,21.4267,39.8261,94.6,18,41,9.17,SA,2022-07-02 16:41:20,scattered clouds
351,San Angelo,31.4638,-100.437,98.94,42,0,4.61,US,2022-07-02 16:42:48,clear sky
352,Pop,40.8736,71.1089,84.69,15,0,4.94,UZ,2022-07-02 16:42:48,clear sky
353,Ahmadpur,18.7,76.9333,81.63,65,100,13.71,IN,2022-07-02 16:42:48,moderate rain
354,La Ronge,55.1001,-105.2842,62.85,34,40,8.05,CA,2022-07-02 16:42:48,scattered clouds
355,Maniitsoq,65.4167,-52.9,43.77,83,100,11.99,GL,2022-07-02 16:42:49,overcast clouds
356,Ballitoville,-29.539,31.2144,66.24,82,0,1.14,ZA,2022-07-02 16:42:49,clear sky
357,Aguada De Pasajeros,22.385,-80.8508,90.59,50,4,7.27,CU,2022-07-02 16:42:49,clear sky
358,Kamaishi,39.2667,141.8833,71.76,82,48,4.52,JP,2022-07-02 16:42:50,scattered clouds
359,Farafangana,-22.8167,47.8333,68.72,69,97,8.41,MG,2022-07-02 16:42:50,overcast clouds
360,Santa Fe,-31.6333,-60.7,63.0,36,2,10.0,AR,2022-07-02 16:42:50,light rain
361,Ilulissat,69.2167,-51.1,42.82,81,75,4.61,GL,2022-07-02 16:42:51,broken clouds
362,Amarante Do Maranhao,-5.5667,-46.7422,87.01,46,46,6.76,BR,2022-07-02 16:42:51,scattered clouds
363,Bara,10.3744,10.7288,86.76,54,78,7.31,NG,2022-07-02 16:42:51,broken clouds
364,Okoneshnikovo,54.8377,75.0834,52.18,88,61,5.99,RU,2022-07-02 16:42:51,broken clouds
365,Magistralnyy,56.1725,107.4458,64.62,91,97,5.53,RU,2022-07-02 16:42:52,light rain
366,Wonthaggi,-38.6044,145.5913,47.07,76,73,4.0,AU,2022-07-02 16:42:52,broken clouds
367,Dong Hoi,17.4833,106.6,81.41,76,99,12.59,VN,2022-07-02 16:42:52,overcast clouds
368,Zyryanka,65.75,150.85,49.78,59,75,9.28,RU,2022-07-02 16:42:53,broken clouds
369,Ilinskiy,55.619,38.1182,77.38,29,0,11.18,RU,2022-07-02 16:42:53,clear sky
370,Zalalovo,46.848,16.5875,79.57,36,0,7.83,HU,2022-07-02 16:42:53,clear sky
371,Esso,55.9333,158.7,46.87,94,93,5.32,RU,2022-07-02 16:42:54,overcast clouds
372,Lengshuijiang,27.6881,111.4294,76.19,93,100,2.19,CN,2022-07-02 16:42:54,overcast clouds
373,Port Elizabeth,-33.918,25.5701,79.09,43,0,10.36,ZA,2022-07-02 16:42:54,clear sky
374,Argalasti,39.2333,23.2167,86.58,56,8,1.86,GR,2022-07-02 16:42:55,clear sky
375,Abu Zabad,12.35,29.25,84.56,51,98,6.26,SD,2022-07-02 16:42:55,light rain
376,Never,46.9896,3.159,80.8,39,0,5.75,FR,2022-07-02 16:42:55,clear sky
377,Sur,22.5667,59.5289,90.91,62,95,11.05,OM,2022-07-02 16:42:55,overcast clouds
378,Oranjestad,12.524,-70.027,87.75,66,40,12.66,AW,2022-07-02 16:39:56,scattered clouds
379,Fushun,41.8558,123.9233,69.51,96,62,4.03,CN,2022-07-02 16:42:56,broken clouds
380,Menongue,-14.6585,17.691,63.39,32,3,2.33,AO,2022-07-02 16:42:56,clear sky
381,Uaua,-9.8414,-39.4817,81.14,52,92,19.84,BR,2022-07-02 16:42:56,overcast clouds
382,Mazyr,52.0495,29.2456,73.06,62,25,7.36,BY,2022-07-02 16:42:57,scattered clouds
383,Vestmannaeyjar,63.4427,-20.2734,54.59,82,20,20.71,IS,2022-07-02 16:42:57,few clouds
384,Nome,64.5011,-165.4064,55.47,94,100,8.05,US,2022-07-02 16:42:57,overcast clouds
385,Taoudenni,22.6783,-3.9836,113.31,8,59,15.21,ML,2022-07-02 16:42:58,broken clouds
386,Ust-Ishim,57.6935,71.1665,56.07,72,97,4.16,RU,2022-07-02 16:42:58,overcast clouds
387,Dehloran,32.6941,47.2679,99.64,10,0,20.22,IR,2022-07-02 16:42:58,clear sky
388,Kulhudhuffushi,6.6221,73.07,82.29,79,100,16.98,MV,2022-07-02 16:42:58,overcast clouds
389,Qaqortoq,60.7167,-46.0333,47.41,68,50,8.72,GL,2022-07-02 16:42:59,scattered clouds
390,Bairiki,1.3292,172.9752,78.8,94,40,6.91,KI,2022-07-02 16:42:59,light intensity shower rain
391,Sladkovo,55.5284,70.3385,51.69,90,98,6.31,RU,2022-07-02 16:42:59,overcast clouds
392,Brae,60.3964,-1.353,54.91,83,92,8.05,GB,2022-07-02 16:43:00,overcast clouds
393,Corowa,-36.0333,146.3833,36.57,94,45,5.68,AU,2022-07-02 16:43:00,scattered clouds
394,Bloemhof,-27.6469,25.607,57.52,45,28,7.83,ZA,2022-07-02 16:43:00,scattered clouds
395,Shitanjing,39.2342,106.3439,67.93,68,16,9.28,CN,2022-07-02 16:43:01,few clouds
396,Severo-Kurilsk,50.6789,156.125,48.11,96,91,10.78,RU,2022-07-02 16:43:01,overcast clouds
397,Mundi,22.0667,76.5,82.99,72,100,12.24,IN,2022-07-02 16:43:01,light rain
398,San Matias,-16.3667,-58.4,95.81,26,13,10.71,BO,2022-07-02 16:43:02,few clouds
399,Riberalta,-10.9833,-66.1,88.0,58,75,6.91,BO,2022-07-02 16:43:02,broken clouds
400,Ottawa,45.4112,-75.6981,79.99,41,20,12.66,CA,2022-07-02 16:38:32,few clouds
401,Hammerfest,70.6634,23.6821,84.65,30,0,5.75,NO,2022-07-02 16:43:03,clear sky
402,Sfantu Gheorghe,45.8667,25.7833,73.92,83,93,3.98,RO,2022-07-02 16:43:03,overcast clouds
403,Plouzane,48.3833,-4.6167,62.92,72,100,12.66,FR,2022-07-02 16:43:03,overcast clouds
404,Cayenne,4.9333,-52.3333,87.84,28,20,13.8,GF,2022-07-02 16:43:03,few clouds
405,Comodoro Rivadavia,-45.8667,-67.5,44.46,49,0,17.27,AR,2022-07-02 16:43:04,clear sky
406,Cervo,43.6702,-7.4101,67.96,80,99,11.63,ES,2022-07-02 16:43:04,overcast clouds
407,Llangefni,53.2556,-4.3106,64.65,75,20,17.27,GB,2022-07-02 16:43:04,few clouds
408,Havelock,34.8791,-76.9013,84.16,80,75,12.66,US,2022-07-02 16:43:05,broken clouds
409,Berlevag,70.8578,29.0864,84.2,67,8,12.66,NO,2022-07-02 16:43:05,clear sky
410,Kanye,-24.9667,25.3327,57.96,45,72,5.73,BW,2022-07-02 16:43:05,broken clouds
411,Lucapa,-8.4192,20.7447,75.61,26,4,2.53,AO,2022-07-02 16:43:06,clear sky
412,Chiredzi,-21.05,31.6667,63.12,72,38,4.76,ZW,2022-07-02 16:43:06,scattered clouds
413,Saurimo,-9.6608,20.3916,71.02,27,2,3.94,AO,2022-07-02 16:43:06,clear sky
414,Westford,42.5793,-71.4378,81.45,71,20,6.91,US,2022-07-02 16:40:30,few clouds
415,Khandyga,62.6667,135.6,57.79,70,17,0.72,RU,2022-07-02 16:43:07,few clouds
416,Port Alberni,49.2413,-124.8028,67.12,62,54,2.55,CA,2022-07-02 16:43:07,broken clouds
417,La Libertad,-2.2333,-80.9,71.26,83,75,9.22,EC,2022-07-02 16:43:07,broken clouds
418,Vao,-22.6667,167.4833,72.41,79,99,16.15,NC,2022-07-02 16:43:08,overcast clouds
419,Tarakan,3.3,117.6333,80.1,89,75,0.0,ID,2022-07-02 16:41:34,broken clouds
420,Charters Towers,-20.1,146.2667,60.1,93,100,12.01,AU,2022-07-02 16:43:08,overcast clouds
421,Abancay,-13.6339,-72.8814,73.08,28,23,6.17,PE,2022-07-02 16:43:08,few clouds
422,Ovsyanka,55.9575,92.5519,58.17,94,65,5.46,RU,2022-07-02 16:43:09,broken clouds
423,Lososina,48.9975,140.3106,60.24,95,100,2.53,RU,2022-07-02 16:43:09,overcast clouds
424,Nouadhibou,20.931,-17.0347,78.78,57,2,17.27,MR,2022-07-02 16:43:09,clear sky
425,Stromness,58.965,-3.296,55.36,88,99,8.99,GB,2022-07-02 16:43:10,overcast clouds
426,Kavaratti,10.5669,72.642,82.47,82,100,20.87,IN,2022-07-02 16:43:10,overcast clouds
427,Sulina,45.1559,29.6536,74.79,59,0,6.6,RO,2022-07-02 16:43:10,clear sky
428,Pangai,-19.8,-174.35,77.05,76,65,18.63,TO,2022-07-02 16:43:11,light rain
429,Isiro,2.7739,27.616,67.26,98,69,2.89,CD,2022-07-02 16:43:11,moderate rain
430,Moussoro,13.6408,16.4901,96.69,29,78,7.65,TD,2022-07-02 16:43:11,broken clouds
431,Tandil,-37.3217,-59.1332,47.68,43,1,12.08,AR,2022-07-02 16:43:11,clear sky
432,Uvat,59.1433,68.8953,55.65,70,94,4.36,RU,2022-07-02 16:43:12,overcast clouds
433,Nago,26.5881,127.9761,79.65,90,66,19.57,JP,2022-07-02 16:43:12,light rain
434,Port Lincoln,-34.7333,135.8667,52.81,70,100,11.14,AU,2022-07-02 16:43:12,overcast clouds
435,Ballina,-28.8667,153.5667,56.01,99,84,7.25,AU,2022-07-02 16:43:13,broken clouds
436,Gouyave,12.1646,-61.7296,84.97,74,20,23.02,GD,2022-07-02 16:43:13,few clouds
437,Mednogorskiy,43.9178,41.1825,53.08,80,39,1.92,RU,2022-07-02 16:43:13,scattered clouds
438,Shimoda,34.6667,138.95,78.1,94,24,10.76,JP,2022-07-02 16:43:14,few clouds
439,Havre-Saint-Pierre,50.2334,-63.5986,71.96,73,0,9.22,CA,2022-07-02 16:42:36,clear sky
440,Sistranda,63.7256,8.834,55.36,91,100,7.72,NO,2022-07-02 16:43:14,light rain
441,Prince Rupert,54.3161,-130.3201,58.69,92,100,2.3,CA,2022-07-02 16:43:15,mist
442,Tabou,4.423,-7.3528,78.66,69,23,8.84,CI,2022-07-02 16:43:15,few clouds
443,Villa Maria,-32.4075,-63.2402,59.83,33,3,9.55,AR,2022-07-02 16:40:21,clear sky
444,Longyearbyen,78.2186,15.6401,42.64,93,75,5.75,SJ,2022-07-02 16:43:15,mist
445,Bathsheba,13.2167,-59.5167,88.41,86,40,17.27,BB,2022-07-02 16:43:16,scattered clouds
446,Wufeng,27.45,104.8333,60.44,98,95,2.75,CN,2022-07-02 16:43:16,overcast clouds
447,Sayyan,15.1718,44.3244,71.67,31,97,2.89,YE,2022-07-02 16:43:16,overcast clouds
448,Bossangoa,6.4926,17.4552,70.68,91,100,3.83,CF,2022-07-02 16:43:17,overcast clouds
449,Yumen,40.2833,97.2,74.89,37,62,7.23,CN,2022-07-02 16:43:17,broken clouds
450,Morehead,37.2711,-87.1764,88.95,68,0,1.99,US,2022-07-02 16:43:17,clear sky
451,Akom,2.6678,12.7109,74.88,76,88,1.32,CM,2022-07-02 16:43:17,overcast clouds
452,Pisco,-13.7,-76.2167,64.45,72,10,9.22,PE,2022-07-02 16:43:18,haze
453,Vila Velha,-20.3297,-40.2925,82.35,68,40,12.66,BR,2022-07-02 16:42:12,scattered clouds
454,Yatou,37.15,122.3833,71.04,96,46,8.41,CN,2022-07-02 16:43:18,scattered clouds
455,Ulaangom,49.9811,92.0667,58.96,61,99,0.27,MN,2022-07-02 16:43:19,overcast clouds
456,Abu Kamal,34.4506,40.9171,95.68,20,0,11.14,SY,2022-07-02 16:43:19,clear sky
457,Atasu,48.6814,71.6433,67.32,28,17,8.66,KZ,2022-07-02 16:41:24,few clouds
458,Flinders,-34.5833,150.8552,58.37,94,100,4.0,AU,2022-07-02 16:43:19,moderate rain
459,Rio Grande,-32.035,-52.0986,59.11,90,99,7.76,BR,2022-07-02 16:43:20,overcast clouds
460,Kurumkan,54.3,110.3,73.42,49,5,3.74,RU,2022-07-02 16:43:20,clear sky
461,Contai,21.7786,87.7536,83.23,79,42,6.96,IN,2022-07-02 16:43:20,scattered clouds
462,Gezing,47.9178,13.1299,73.81,86,0,10.36,AT,2022-07-02 16:43:21,clear sky
463,Buchanan,5.8808,-10.0467,79.43,74,64,11.05,LR,2022-07-02 16:43:21,light rain
464,Loubomo,-4.1997,12.6739,80.58,54,25,8.77,CG,2022-07-02 16:43:21,scattered clouds
465,Kaduqli,11.0167,29.7167,86.38,42,100,4.32,SD,2022-07-02 16:43:22,overcast clouds
466,Bokajan,26.0167,93.7833,77.99,95,46,2.98,IN,2022-07-02 16:43:22,scattered clouds
467,Adwa,14.1646,38.8955,62.8,78,98,2.82,ET,2022-07-02 16:43:22,light rain
468,Kisaran,2.9845,99.6158,77.97,87,98,2.28,ID,2022-07-02 16:43:23,overcast clouds
469,Oktyabrskoye,43.0645,44.7417,60.94,88,75,8.95,RU,2022-07-02 16:43:23,light rain
470,Port Hardy,50.6996,-127.4199,55.58,94,100,4.61,CA,2022-07-02 16:43:23,light intensity drizzle
471,Visnes,59.3556,5.2242,63.82,77,75,23.02,NO,2022-07-02 16:43:24,broken clouds
472,Dudinka,69.4058,86.1778,58.62,60,100,15.01,RU,2022-07-02 16:43:24,overcast clouds
473,Winnemucca,40.973,-117.7357,77.05,16,0,0.0,US,2022-07-02 16:43:24,clear sky
474,Chipinge,-20.1883,32.6236,53.8,90,65,3.4,ZW,2022-07-02 16:43:24,broken clouds
475,Fairview,40.8126,-73.999,89.74,54,20,10.36,US,2022-07-02 16:43:25,few clouds
476,Puerto Penasco,31.3167,-113.5333,87.91,64,0,8.99,MX,2022-07-02 16:43:25,clear sky
477,Grinnell,41.743,-92.7224,84.18,45,0,10.36,US,2022-07-02 16:43:25,clear sky
478,Riyadh,24.6877,46.7219,104.14,9,38,10.18,SA,2022-07-02 16:41:17,scattered clouds
479,Urengoy,65.9667,78.3667,53.11,69,100,9.55,RU,2022-07-02 16:43:26,overcast clouds
480,Tema,5.667,-0.0166,81.01,78,40,12.66,GH,2022-07-02 16:43:26,scattered clouds
481,Buala,-8.145,159.5921,79.66,80,86,7.83,SB,2022-07-02 16:43:27,light rain
482,Catalina Foothills,32.2979,-110.9187,88.97,47,0,3.44,US,2022-07-02 16:43:27,clear sky
483,Port Moresby,-9.4431,147.1797,76.42,94,75,11.5,PG,2022-07-02 16:43:27,broken clouds
484,Bocanda,7.0626,-4.4995,76.41,94,88,3.44,CI,2022-07-02 16:43:27,moderate rain
485,Guaruja,-23.9931,-46.2564,78.84,57,0,8.05,BR,2022-07-02 16:43:28,clear sky
486,Aswan,24.0934,32.907,101.5,13,0,13.8,EG,2022-07-02 16:43:28,clear sky
487,Aden,12.7794,45.0367,87.53,71,67,15.52,YE,2022-07-02 16:41:07,broken clouds
488,Sinnamary,5.3833,-52.95,82.9,74,44,10.27,GF,2022-07-02 16:43:28,scattered clouds
489,Turan,16.0678,108.2208,85.98,58,40,9.22,VN,2022-07-02 16:43:29,scattered clouds
490,Paradise,36.0972,-115.1467,96.06,18,0,15.01,US,2022-07-02 16:43:29,clear sky
491,Cairns,-16.9167,145.7667,72.07,92,100,8.05,AU,2022-07-02 16:43:29,overcast clouds
492,Aasiaat,68.7098,-52.8699,38.08,89,98,3.85,GL,2022-07-02 16:43:30,overcast clouds
493,Iqaluit,63.7506,-68.5145,40.73,75,75,5.75,CA,2022-07-02 16:43:30,broken clouds
494,Frisco,33.1507,-96.8236,95.97,54,0,3.0,US,2022-07-02 16:42:00,clear sky
495,Alikalia,9.1667,-11.4,76.8,91,69,3.27,SL,2022-07-02 16:43:30,moderate rain
496,Peniche,39.3558,-9.3811,78.08,79,1,12.68,PT,2022-07-02 16:43:31,clear sky
497,Lethem,3.3803,-59.7968,87.51,59,35,7.29,GY,2022-07-02 16:43:31,scattered clouds
498,Murdochville,48.9583,-65.5006,65.28,76,90,12.64,CA,2022-07-02 16:43:31,light rain
499,Pemberton,50.3164,-122.8027,76.21,59,53,0.13,CA,2022-07-02 16:42:56,broken clouds
500,Shenzhen,22.5455,114.0683,84.22,89,100,21.59,CN,2022-07-02 16:43:32,light rain
501,Saint Anthony,45.0205,-93.218,71.26,65,100,8.05,US,2022-07-02 16:43:32,moderate rain
502,Putina,-15.4667,-69.4333,50.25,42,100,5.77,PE,2022-07-02 16:43:32,overcast clouds
503,Jaguaribe,-5.8906,-38.6219,92.01,36,32,12.46,BR,2022-07-02 16:43:32,scattered clouds
504,Ferme-Neuve,46.7001,-75.4493,74.75,30,1,14.72,CA,2022-07-02 16:43:33,clear sky
505,Piacabucu,-10.4056,-36.4344,79.41,74,11,15.57,BR,2022-07-02 16:43:33,few clouds
506,San Andres,12.5847,-81.7006,86.02,79,40,13.8,CO,2022-07-02 16:43:33,scattered clouds
507,Paidha,2.4167,30.9855,65.46,65,61,4.16,UG,2022-07-02 16:43:34,broken clouds
508,Port Hedland,-20.3167,118.5667,59.05,38,0,10.36,AU,2022-07-02 16:43:34,clear sky
509,Manicore,-5.8092,-61.3003,87.75,66,20,5.75,BR,2022-07-02 16:43:34,few clouds
510,Tymovskoye,50.8456,142.655,62.2,95,100,0.85,RU,2022-07-02 16:43:35,overcast clouds
511,Auki,-8.7676,160.7034,78.91,80,57,3.83,SB,2022-07-02 16:43:35,broken clouds
512,Bandarbeyla,9.4942,50.8122,77.79,76,100,35.05,SO,2022-07-02 16:43:35,overcast clouds
513,Talcahuano,-36.7167,-73.1167,53.28,66,100,17.27,CL,2022-07-02 16:43:35,light rain
514,Debre Tabor,11.85,38.0167,56.21,85,76,3.94,ET,2022-07-02 16:43:36,light rain
515,Verkhnevilyuysk,63.4453,120.3167,63.59,74,100,4.43,RU,2022-07-02 16:43:36,overcast clouds
516,Taclobo,12.3074,122.586,84.29,77,90,9.48,PH,2022-07-02 16:43:36,overcast clouds
517,Hvide Sande,56.0045,8.1294,66.09,78,23,19.35,DK,2022-07-02 16:43:37,few clouds
518,Mezen,65.8522,44.24,60.4,59,6,6.67,RU,2022-07-02 16:43:37,clear sky
519,San Policarpo,12.1791,125.5072,82.99,80,100,10.56,PH,2022-07-02 16:43:37,overcast clouds
520,Brynmawr,51.8,-3.1833,61.83,65,43,14.99,GB,2022-07-02 16:43:37,scattered clouds
521,Lac Du Bonnet,50.2536,-96.0612,63.75,46,42,8.72,CA,2022-07-02 16:43:38,scattered clouds
522,Progreso,21.2833,-89.6667,89.11,59,21,10.49,MX,2022-07-02 16:43:38,few clouds
523,Maneadero,31.7167,-116.5667,72.1,80,0,3.0,MX,2022-07-02 16:43:38,clear sky
524,Kuala Kedah,6.1,100.3,80.58,94,20,0.0,MY,2022-07-02 16:43:39,few clouds
525,Padre Bernardo,-15.35,-48.5,88.16,22,60,7.61,BR,2022-07-02 16:43:39,broken clouds
526,Wadi Musa,30.3222,35.4793,74.71,37,0,13.98,JO,2022-07-02 16:43:39,clear sky
527,Tadepallegudem,16.8333,81.5,83.46,74,100,0.72,IN,2022-07-02 16:43:40,overcast clouds
528,Pilar,-9.5972,-35.9567,75.13,88,38,12.66,BR,2022-07-02 16:43:40,scattered clouds
529,Ostrovnoy,68.0531,39.5131,58.39,72,9,12.33,RU,2022-07-02 16:43:40,clear sky
530,Kovdor,67.5662,30.4758,78.21,48,22,9.33,RU,2022-07-02 16:43:40,few clouds
531,Marathon,44.9,-89.7668,76.24,46,0,4.61,US,2022-07-02 16:43:41,clear sky
532,Dossor,47.5272,52.9811,73.56,47,99,12.19,KZ,2022-07-02 16:43:41,light rain
533,Paracuru,-3.41,-39.0306,82.11,72,72,13.94,BR,2022-07-02 16:43:20,broken clouds
534,Camacupa,-12.0167,17.4833,65.07,32,6,2.95,AO,2022-07-02 16:43:41,clear sky
535,Esperance,-33.8667,121.9,50.54,71,0,10.67,AU,2022-07-02 16:43:42,clear sky
536,Arandis,-22.4167,14.9667,63.27,44,0,3.69,NA,2022-07-02 16:43:42,clear sky
537,Pacocha,-17.5833,-71.3333,64.54,63,75,11.5,PE,2022-07-02 16:43:42,broken clouds
538,Shingu,33.7333,135.9833,75.24,92,100,4.23,JP,2022-07-02 16:43:43,light rain
539,Ananindeua,-1.3656,-48.3722,89.51,62,75,9.22,BR,2022-07-02 16:42:09,broken clouds
540,Tres Arroyos,-38.3739,-60.2798,51.01,46,3,12.46,AR,2022-07-02 16:43:43,clear sky
541,Lagoa,39.05,-27.9833,66.43,79,100,11.54,PT,2022-07-02 16:43:43,overcast clouds
542,Aljezur,37.3191,-8.8033,72.99,68,30,7.72,PT,2022-07-02 16:43:44,scattered clouds
543,Loralai,30.3705,68.598,85.51,50,20,17.56,PK,2022-07-02 16:43:44,few clouds
544,Mbandaka,0.0487,18.2603,74.46,79,61,5.73,CD,2022-07-02 16:43:44,broken clouds
545,Hamilton,39.1834,-84.5333,85.64,69,40,4.61,US,2022-07-02 16:39:45,scattered clouds
546,Mangrol,21.1167,70.1167,83.08,83,100,17.9,IN,2022-07-02 16:43:45,overcast clouds
547,Constitucion,-35.3333,-72.4167,52.74,68,12,11.27,CL,2022-07-02 16:43:45,few clouds
548,Gilgit,35.9221,74.3087,92.62,36,0,2.86,PK,2022-07-02 16:43:45,clear sky
549,Robertsport,6.7533,-11.3686,78.31,80,40,8.61,LR,2022-07-02 16:43:46,light rain
550,Ivanovskaya,55.2833,39.1167,66.56,63,6,4.54,RU,2022-07-02 16:43:46,clear sky
551,Namatanai,-3.6667,152.4333,79.03,84,45,8.97,PG,2022-07-02 16:43:46,scattered clouds
552,Abong Mbang,3.9833,13.1833,74.97,72,90,1.72,CM,2022-07-02 16:43:46,overcast clouds
553,Zehdenick,52.9785,13.3317,78.91,33,5,6.15,DE,2022-07-02 16:43:47,clear sky
554,Barcelona,41.3888,2.159,87.8,52,0,8.05,ES,2022-07-02 16:43:47,clear sky
555,Eureka,40.8021,-124.1637,58.12,90,100,3.2,US,2022-07-02 16:43:47,overcast clouds
556,Cape Coast,5.1053,-1.2466,78.35,76,51,9.55,GH,2022-07-02 16:43:48,broken clouds
557,Lazaro Cardenas,17.9583,-102.2,86.5,63,99,3.87,MX,2022-07-02 16:43:48,overcast clouds
558,Cedar City,37.6775,-113.0619,82.4,19,0,11.5,US,2022-07-02 16:43:48,clear sky
559,Nanortalik,60.1432,-45.2371,44.73,77,83,9.57,GL,2022-07-02 16:43:48,broken clouds
560,Agua Prieta,31.3,-109.5667,78.37,46,78,3.18,MX,2022-07-02 16:43:41,broken clouds
561,Moissala,8.3404,17.7663,72.14,88,100,3.22,TD,2022-07-02 16:43:49,overcast clouds
562,Innisfail,-17.5333,146.0333,68.36,94,100,7.09,AU,2022-07-02 16:43:49,overcast clouds
563,Puerto Carreno,6.189,-67.4859,86.9,64,76,2.55,CO,2022-07-02 16:43:50,broken clouds
564,Ghanzi,-21.5667,21.7833,61.61,41,97,4.94,BW,2022-07-02 16:43:50,overcast clouds
565,Svoge,42.9667,23.35,82.27,62,57,1.86,BG,2022-07-02 16:43:50,light rain
566,Westport,41.1415,-73.3579,89.37,61,0,10.36,US,2022-07-02 16:43:50,clear sky
567,Mbini,1.574,9.6134,77.58,85,98,6.02,GQ,2022-07-02 16:43:51,light rain
568,Rawah,34.4816,41.9093,94.35,21,0,10.38,IQ,2022-07-02 16:43:51,clear sky
569,Wanaka,-44.7,169.15,41.94,97,98,4.34,NZ,2022-07-02 16:43:51,overcast clouds
570,Berdigestyakh,62.0989,126.6992,62.13,71,99,5.26,RU,2022-07-02 16:43:52,overcast clouds
571,Coihaique,-45.5752,-72.0662,33.75,86,75,3.44,CL,2022-07-02 16:43:52,broken clouds
572,Ilebo,-4.3167,20.5833,80.83,41,98,1.81,CD,2022-07-02 16:43:52,overcast clouds
573,Sao Filipe,14.8961,-24.4956,75.18,78,17,12.68,CV,2022-07-02 16:43:52,few clouds
574,Wynyard,-41.0,145.7167,41.07,85,0,4.68,AU,2022-07-02 16:43:53,clear sky
575,Santa Cruz,-17.8,-63.1667,84.25,48,75,29.93,BO,2022-07-02 16:39:16,broken clouds
576,Luanda,-8.8368,13.2343,70.18,84,0,14.07,AO,2022-07-02 16:43:53,clear sky
577,George,-33.963,22.4617,60.35,72,0,5.75,ZA,2022-07-02 16:43:53,clear sky
578,Safaga,26.7292,33.9365,87.78,47,0,1.77,EG,2022-07-02 16:43:54,clear sky
579,Santa Cruz De Tenerife,28.4682,-16.2546,76.62,73,75,19.57,ES,2022-07-02 16:38:59,broken clouds
580,Walvis Bay,-22.9575,14.5053,70.75,56,0,5.75,NA,2022-07-02 16:43:54,clear sky
581,Crnomelj,45.5711,15.1889,82.4,58,0,2.91,SI,2022-07-02 16:43:54,clear sky
582,Jambi,-1.6,103.6167,73.76,93,55,2.17,ID,2022-07-02 16:43:55,broken clouds
583,Miranda,3.2499,-76.2281,82.65,69,100,3.69,CO,2022-07-02 16:43:55,overcast clouds
584,Bereda,43.2686,-7.5406,67.41,67,100,8.5,ES,2022-07-02 16:43:55,overcast clouds
585,Manggar,-2.8833,108.2667,80.6,86,49,9.19,ID,2022-07-02 16:43:56,scattered clouds
586,Chicama,-7.8447,-79.1469,61.34,64,68,8.01,PE,2022-07-02 16:43:56,broken clouds
587,Parana,-31.732,-60.5238,62.55,41,2,11.21,AR,2022-07-02 16:43:56,clear sky
588,Issia,6.4922,-6.5856,77.5,92,95,1.48,CI,2022-07-02 16:43:57,moderate rain
589,Sarab,38.6066,44.9883,79.88,37,69,9.78,IR,2022-07-02 16:43:57,broken clouds
590,Indiana,40.0003,-86.2503,82.96,51,0,5.75,US,2022-07-02 16:43:57,clear sky
591,San Patricio,28.017,-97.5169,94.06,43,0,14.12,US,2022-07-02 16:43:57,clear sky
592,Cascavel,-24.9558,-53.4553,76.6,47,0,16.11,BR,2022-07-02 16:43:58,clear sky
593,Gualeguay,-33.1416,-59.3097,60.66,34,2,9.1,AR,2022-07-02 16:43:58,clear sky
594,Los Llanos De Aridane,28.6585,-17.9182,69.55,78,40,18.41,ES,2022-07-02 16:43:58,scattered clouds
595,Ixtapa,20.7,-105.2,87.22,68,80,3.0,MX,2022-07-02 16:43:59,broken clouds
596,Abha,18.2164,42.5053,78.62,64,0,10.36,SA,2022-07-02 16:42:13,clear sky
597,Inongo,-1.95,18.2667,75.58,56,51,3.71,CD,2022-07-02 16:43:59,broken clouds
598,Egvekinot,66.3167,-179.1667,38.98,99,100,4.72,RU,2022-07-02 16:43:59,overcast clouds
599,Abilene,32.4487,-99.7331,95.27,39,0,12.66,US,2022-07-02 16:44:00,clear sky
600,Vila Franca Do Campo,37.7167,-25.4333,68.41,75,100,5.99,PT,2022-07-02 16:44:00,light rain
601,Honningsvag,70.9821,25.9704,65.95,63,0,0.0,NO,2022-07-02 16:43:27,clear sky
602,Bolshaya Sosnova,57.6713,54.6029,58.73,77,70,3.27,RU,2022-07-02 16:44:01,broken clouds
603,Srednekolymsk,67.45,153.6833,45.54,64,100,9.64,RU,2022-07-02 16:44:01,overcast clouds
604,Togul,53.465,85.9128,55.29,92,66,3.56,RU,2022-07-02 16:44:01,light rain
605,Sakaiminato,35.55,133.2333,82.38,74,40,4.61,JP,2022-07-02 16:39:23,scattered clouds
606,Itaituba,-4.2761,-55.9836,91.56,55,40,9.22,BR,2022-07-02 16:44:01,scattered clouds
607,Fougeres,48.35,-1.2,76.86,43,8,13.82,FR,2022-07-02 16:44:02,clear sky
608,Roald,62.5833,6.1333,65.16,88,75,11.5,NO,2022-07-02 16:44:02,light rain
609,Carutapera,-1.195,-46.02,80.78,83,12,9.8,BR,2022-07-02 16:44:03,few clouds
610,Mariental,-24.6333,17.9667,65.39,27,0,8.12,NA,2022-07-02 16:44:03,clear sky
611,Bambanglipuro,-7.95,110.2833,76.14,93,42,5.19,ID,2022-07-02 16:44:03,scattered clouds
612,Tuatapere,-46.1333,167.6833,44.29,89,58,5.79,NZ,2022-07-02 16:44:04,broken clouds
613,Praia,14.9215,-23.5087,81.14,57,40,20.71,CV,2022-07-02 16:44:04,scattered clouds
614,Seydi,39.4816,62.9137,92.75,16,0,13.42,TM,2022-07-02 16:44:04,clear sky
615,Gualaquiza,-3.4,-78.55,64.33,95,100,1.12,EC,2022-07-02 16:44:04,overcast clouds
616,Loandjili,-4.7561,11.8578,73.85,83,23,9.91,CG,2022-07-02 16:44:05,few clouds
617,Shubarshi,48.5872,57.1869,77.68,22,49,4.05,KZ,2022-07-02 16:41:25,scattered clouds
618,Monrovia,6.3005,-10.7969,80.37,83,57,10.02,LR,2022-07-02 16:43:24,light rain
619,Garchitorena,13.8804,123.6946,81.72,83,100,7.2,PH,2022-07-02 16:44:05,light rain
620,Pathein,16.7833,94.7333,78.01,91,98,4.68,MM,2022-07-02 16:44:06,overcast clouds
621,Gushikawa,26.3544,127.8686,78.8,98,100,21.85,JP,2022-07-02 16:44:06,mist
622,Vanimo,-2.6741,141.3028,77.32,91,100,8.3,PG,2022-07-02 16:44:06,overcast clouds
623,Havoysund,70.9963,24.6622,66.43,51,0,13.87,NO,2022-07-02 16:44:07,clear sky
624,Shache,38.4167,77.2406,89.74,15,0,6.8,CN,2022-07-02 16:44:07,clear sky
625,Asha,54.9973,57.2722,57.09,85,75,4.56,RU,2022-07-02 16:44:07,broken clouds
626,Caceres,39.522,-6.3748,98.29,14,3,9.48,ES,2022-07-02 16:44:08,clear sky
627,Beaufort,5.3473,115.7455,74.88,91,46,2.82,MY,2022-07-02 16:44:08,scattered clouds
628,Muret,43.3333,1.25,90.61,36,42,1.99,FR,2022-07-02 16:44:08,scattered clouds
629,Yining,29.0361,114.5636,77.79,93,100,1.95,CN,2022-07-02 16:44:08,heavy intensity rain
630,Chaplygin,53.2432,39.9629,62.96,75,0,7.72,RU,2022-07-02 16:44:09,clear sky
631,Rio Gallegos,-51.6226,-69.2181,35.65,64,0,17.27,AR,2022-07-02 16:44:09,clear sky
632,Nautla,20.2167,-96.7833,89.28,56,40,8.3,MX,2022-07-02 16:44:09,scattered clouds
633,Watertown,42.3709,-71.1828,82.74,69,20,12.66,US,2022-07-02 16:44:10,few clouds
634,Mori,34.8333,137.9333,81.45,88,39,3.89,JP,2022-07-02 16:44:10,scattered clouds
635,Orcopampa,-15.2661,-72.3417,58.42,22,31,6.93,PE,2022-07-02 16:44:10,scattered clouds
636,Kampot,10.6167,104.1833,84.25,84,100,7.74,KH,2022-07-02 16:44:11,overcast clouds
637,Goroka,-6.0834,145.3873,62.11,98,100,1.32,PG,2022-07-02 16:44:11,overcast clouds
638,Alekseyevka,50.6309,38.6903,63.77,70,58,11.14,RU,2022-07-02 16:44:11,broken clouds
639,Koumac,-20.5667,164.2833,72.77,86,99,5.06,NC,2022-07-02 16:44:12,overcast clouds
640,Morganton,35.7454,-81.6848,90.81,61,0,3.44,US,2022-07-02 16:41:02,clear sky
641,Radomsko,51.0671,19.4448,68.52,61,99,6.44,PL,2022-07-02 16:44:12,overcast clouds
642,Ceres,37.5949,-120.9577,79.81,55,0,12.66,US,2022-07-02 16:39:35,clear sky
643,Buchloe,48.0333,10.7333,75.18,50,0,13.8,DE,2022-07-02 16:44:13,clear sky
644,Sigli,5.3848,95.9609,79.14,75,97,8.32,ID,2022-07-02 16:44:13,overcast clouds
645,Lata,40.1629,-8.3327,82.49,47,11,9.55,PT,2022-07-02 16:44:13,few clouds
646,Waipawa,-41.4122,175.5153,41.88,91,13,4.45,NZ,2022-07-02 16:44:14,few clouds
647,Marrakesh,31.6315,-8.0083,91.47,35,20,6.91,MA,2022-07-02 16:44:14,few clouds
648,Gariaband,20.635,82.0614,78.26,87,100,4.92,IN,2022-07-02 16:44:14,light rain
649,Ahuimanu,21.4447,-157.8378,76.75,74,75,18.41,US,2022-07-02 16:44:15,broken clouds
650,Batken,39.8333,71.0,67.6,29,1,0.78,KG,2022-07-02 16:44:15,clear sky
651,Ibra,22.6906,58.5334,93.61,37,96,3.4,OM,2022-07-02 16:44:15,overcast clouds
652,Nara,34.6851,135.8049,82.49,66,100,1.9,JP,2022-07-02 16:44:16,overcast clouds
653,Moose Factory,51.2585,-80.6094,51.8,76,100,14.97,CA,2022-07-02 16:44:16,overcast clouds
654,Sola,-13.8833,167.55,80.69,76,12,23.85,VU,2022-07-02 16:44:16,few clouds
655,Puerto Colombia,10.9878,-74.9547,86.09,70,100,4.45,CO,2022-07-02 16:44:16,overcast clouds
656,Camacha,33.0833,-16.3333,71.02,64,20,10.36,PT,2022-07-02 16:44:17,few clouds
657,Karachev,53.1229,34.9852,64.9,66,5,3.71,RU,2022-07-02 16:44:17,clear sky
658,Pandan,14.0453,124.1694,80.51,86,100,7.2,PH,2022-07-02 16:44:17,light rain
659,Skjervoy,70.0311,20.9714,87.8,71,3,1.61,NO,2022-07-02 16:44:18,clear sky
660,Hillsborough,37.5741,-122.3794,62.82,89,100,13.8,US,2022-07-02 16:44:18,overcast clouds
661,Angoram,-4.0625,144.0661,73.08,99,91,1.77,PG,2022-07-02 16:44:18,overcast clouds
662,Palmer,42.1584,-72.3287,81.25,68,75,8.05,US,2022-07-02 16:44:19,broken clouds
663,Djambala,-2.5447,14.7533,81.09,34,64,2.51,CG,2022-07-02 16:44:19,broken clouds
664,Tessalit,20.1986,1.0114,99.09,18,81,9.35,ML,2022-07-02 16:44:19,broken clouds
665,Hit,33.6416,42.8251,95.68,16,0,10.33,IQ,2022-07-02 16:44:20,clear sky
666,Vallenar,-28.5708,-70.7581,68.95,24,99,3.56,CL,2022-07-02 16:44:20,overcast clouds
667,Colonial Heights,37.268,-77.4073,90.81,62,40,4.61,US,2022-07-02 16:44:20,scattered clouds
668,Banda Aceh,5.5577,95.3222,81.63,71,100,11.16,ID,2022-07-02 16:44:20,overcast clouds
669,Sao Jose Da Coroa Grande,-8.8978,-35.1478,78.3,83,36,17.38,BR,2022-07-02 16:44:21,scattered clouds
670,Lerwick,60.1545,-1.1494,55.4,84,74,5.64,GB,2022-07-02 16:44:21,broken clouds
671,Krasnoselkup,65.7,82.4667,57.67,53,100,10.42,RU,2022-07-02 16:44:21,overcast clouds
672,Tamandare,-8.7597,-35.1047,78.22,83,34,16.26,BR,2022-07-02 16:44:22,scattered clouds
673,Beringovskiy,63.05,179.3167,44.47,95,91,13.8,RU,2022-07-02 16:44:22,overcast clouds
674,Huarmey,-10.0681,-78.1522,67.68,71,52,8.95,PE,2022-07-02 16:44:22,broken clouds
675,Lamont,35.2597,-118.9143,88.54,36,0,4.03,US,2022-07-02 16:44:23,clear sky
676,Kenora,49.8167,-94.4337,59.97,51,75,8.05,CA,2022-07-02 16:44:23,broken clouds
677,Alice Springs,-23.7,133.8833,33.35,80,0,0.0,AU,2022-07-02 16:44:23,clear sky
678,Aksu,41.1231,80.2644,85.19,21,73,15.93,CN,2022-07-02 16:44:24,broken clouds
679,Isangel,-19.55,169.2667,73.87,86,79,12.82,VU,2022-07-02 16:44:24,broken clouds
680,Ulladulla,-35.35,150.4667,52.7,73,100,18.54,AU,2022-07-02 16:44:24,overcast clouds
681,Kasongo-Lunda,-6.4667,16.8167,80.49,26,4,3.51,CD,2022-07-02 16:44:25,clear sky
682,Hammond,41.5834,-87.5,85.14,49,0,6.91,US,2022-07-02 16:44:25,clear sky
683,Labuhan,-6.8844,112.2051,78.22,88,30,6.13,ID,2022-07-02 16:44:25,scattered clouds
684,Riverbank,37.736,-120.9355,81.52,55,0,12.66,US,2022-07-02 16:44:26,clear sky
685,Pingliang,35.5392,106.6861,64.89,84,0,3.31,CN,2022-07-02 16:44:26,clear sky
